{"pool_labels": [["participant", [40, 522, 1333, 448], "_Q7RWNPvCEemPd5ZtCQMxVQ"], ["participant", [40, 120, 1333, 292], "_Q7RWMvvCEemPd5ZtCQMxVQ"]], "flow_labels": [["sequenceFlow", [[590, 772], [700, 772], [700, 912], [810, 912]], "_Q7RWa_vCEemPd5ZtCQMxVQ", "_Q7RWYfvCEemPd5ZtCQMxVQ", "_Q7RWP_vCEemPd5ZtCQMxVQ"], ["sequenceFlow", [[700, 340], [700, 378], [510, 378], [510, 230]], "_Q7RWUfvCEemPd5ZtCQMxVQ", "_Q7RWOvvCEemPd5ZtCQMxVQ", "_Q7RWUPvCEemPd5ZtCQMxVQ"], ["messageFlow", [[1025, 240], [1025, 882]], "_Q7RWQfvCEemPd5ZtCQMxVQ", "_Q7RWQvvCEemPd5ZtCQMxVQ", "_Q7RWQ_vCEemPd5ZtCQMxVQ"], ["messageFlow", [[1076, 882], [1076, 240]], "_Q7RWRPvCEemPd5ZtCQMxVQ", "_Q7RWQ_vCEemPd5ZtCQMxVQ", "_Q7RWQvvCEemPd5ZtCQMxVQ"], ["sequenceFlow", [[1110, 907], [1170, 907]], "_Q7RWbfvCEemPd5ZtCQMxVQ", "_Q7RWQ_vCEemPd5ZtCQMxVQ", "_Q7RWY_vCEemPd5ZtCQMxVQ"], ["sequenceFlow", [[280, 210], [330, 210]], "_Q7RWSPvCEemPd5ZtCQMxVQ", "_Q7RWR_vCEemPd5ZtCQMxVQ", "_Q7RWN_vCEemPd5ZtCQMxVQ"], ["sequenceFlow", [[530, 207], [870, 207]], "_Q7RWU_vCEemPd5ZtCQMxVQ", "_Q7RWUPvCEemPd5ZtCQMxVQ", "_Q7RWQPvCEemPd5ZtCQMxVQ"], ["messageFlow", [[375, 240], [375, 371], [169, 371], [169, 570]], "_Q7RWNvvCEemPd5ZtCQMxVQ", "_Q7RWN_vCEemPd5ZtCQMxVQ", "_Q7RWOPvCEemPd5ZtCQMxVQ"], ["sequenceFlow", [[530, 210], [547, 210], [547, 312], [580, 312]], "_Q7RWUvvCEemPd5ZtCQMxVQ", "_Q7RWUPvCEemPd5ZtCQMxVQ", "_Q7RWVPvCEemPd5ZtCQMxVQ"], ["sequenceFlow", [[610, 620], [610, 690], [390, 690], [390, 590], [450, 588]], "_Q7RWaPvCEemPd5ZtCQMxVQ", "_Q7RWPfvCEemPd5ZtCQMxVQ", "_Q7RWO_vCEemPd5ZtCQMxVQ"], ["sequenceFlow", [[300, 612], [300, 769], [500, 769]], "_Q7RWZ_vCEemPd5ZtCQMxVQ", "_Q7RWX_vCEemPd5ZtCQMxVQ", "_Q7RWYfvCEemPd5ZtCQMxVQ"], ["sequenceFlow", [[420, 210], [490, 210]], "_Q7RWSfvCEemPd5ZtCQMxVQ", "_Q7RWN_vCEemPd5ZtCQMxVQ", "_Q7RWUPvCEemPd5ZtCQMxVQ"], ["sequenceFlow", [[920, 912], [1000, 912]], "_Q7RWbPvCEemPd5ZtCQMxVQ", "_Q7RWP_vCEemPd5ZtCQMxVQ", "_Q7RWQ_vCEemPd5ZtCQMxVQ"], ["sequenceFlow", [[905, 207], [1010, 207]], "_Q7RWV_vCEemPd5ZtCQMxVQ", "_Q7RWQPvCEemPd5ZtCQMxVQ", "_Q7RWQvvCEemPd5ZtCQMxVQ"], ["sequenceFlow", [[185, 588], [280, 588]], "_Q7RWZPvCEemPd5ZtCQMxVQ", "_Q7RWOPvCEemPd5ZtCQMxVQ", "_Q7RWX_vCEemPd5ZtCQMxVQ"], ["sequenceFlow", [[320, 588], [450, 588]], "_Q7RWZvvCEemPd5ZtCQMxVQ", "_Q7RWX_vCEemPd5ZtCQMxVQ", "_Q7RWO_vCEemPd5ZtCQMxVQ"], ["messageFlow", [[610, 560], [610, 490], [758, 490], [758, 340]], "_Q7RWPPvCEemPd5ZtCQMxVQ", "_Q7RWPfvCEemPd5ZtCQMxVQ", "_Q7RWOvvCEemPd5ZtCQMxVQ"], ["sequenceFlow", [[485, 587], [560, 587]], "_Q7RWafvCEemPd5ZtCQMxVQ", "_Q7RWO_vCEemPd5ZtCQMxVQ", "_Q7RWPfvCEemPd5ZtCQMxVQ"], ["messageFlow", [[723, 340], [723, 456], [468, 456], [468, 570]], "_Q7RWOfvCEemPd5ZtCQMxVQ", "_Q7RWOvvCEemPd5ZtCQMxVQ", "_Q7RWO_vCEemPd5ZtCQMxVQ"], ["sequenceFlow", [[615, 307], [670, 307]], "_Q7RWVfvCEemPd5ZtCQMxVQ", "_Q7RWVPvCEemPd5ZtCQMxVQ", "_Q7RWOvvCEemPd5ZtCQMxVQ"], ["sequenceFlow", [[1240, 207], [1290, 207]], "_Q7RWW_vCEemPd5ZtCQMxVQ", "_Q7RWWvvCEemPd5ZtCQMxVQ", "_Q7RWXPvCEemPd5ZtCQMxVQ"], ["sequenceFlow", [[135, 207], [190, 207]], "_Q7RWRvvCEemPd5ZtCQMxVQ", "_Q7RWRfvCEemPd5ZtCQMxVQ", "_Q7RWR_vCEemPd5ZtCQMxVQ"], ["messageFlow", [[887, 882], [887, 225]], "_Q7RWPvvCEemPd5ZtCQMxVQ", "_Q7RWP_vCEemPd5ZtCQMxVQ", "_Q7RWQPvCEemPd5ZtCQMxVQ"], ["sequenceFlow", [[1100, 210], [1150, 210]], "_Q7RWWfvCEemPd5ZtCQMxVQ", "_Q7RWQvvCEemPd5ZtCQMxVQ", "_Q7RWWvvCEemPd5ZtCQMxVQ"]], "jpeg": [910, 1393], "shape_labels": [["task", [330, 180, 90, 60], "_Q7RWN_vCEemPd5ZtCQMxVQ"], ["startEvent", [100, 190, 35, 35], "_Q7RWRfvCEemPd5ZtCQMxVQ"], ["intermediateCatchEvent_message", [450, 570, 35, 35], "_Q7RWO_vCEemPd5ZtCQMxVQ"], ["endEvent", [1290, 190, 35, 35], "_Q7RWXPvCEemPd5ZtCQMxVQ"], ["task", [1000, 882, 110, 60], "_Q7RWQ_vCEemPd5ZtCQMxVQ"], ["task", [500, 742, 90, 60], "_Q7RWYfvCEemPd5ZtCQMxVQ"], ["task", [560, 560, 100, 60], "_Q7RWPfvCEemPd5ZtCQMxVQ"], ["lane", [70, 712, 1303, 128], "_Q7RWYPvCEemPd5ZtCQMxVQ"], ["intermediateCatchEvent_timer", [580, 290, 35, 35], "_Q7RWVPvCEemPd5ZtCQMxVQ"], ["task", [670, 280, 120, 60], "_Q7RWOvvCEemPd5ZtCQMxVQ"], ["task", [1150, 180, 90, 60], "_Q7RWWvvCEemPd5ZtCQMxVQ"], ["endEvent_terminate", [1170, 890, 35, 35], "_Q7RWY_vCEemPd5ZtCQMxVQ"], ["eventBasedGateway", [490, 190, 40, 40], "_Q7RWUPvCEemPd5ZtCQMxVQ"], ["intermediateThrowEvent_message", [870, 190, 35, 35], "_Q7RWQPvCEemPd5ZtCQMxVQ"], ["lane", [70, 522, 1303, 190], "_Q7RWXvvCEemPd5ZtCQMxVQ"], ["lane", [70, 840, 1303, 130], "_Q7RWYvvCEemPd5ZtCQMxVQ"], ["task", [1010, 180, 90, 60], "_Q7RWQvvCEemPd5ZtCQMxVQ"], ["parallelGateway", [280, 572, 40, 40], "_Q7RWX_vCEemPd5ZtCQMxVQ"], ["task", [810, 882, 110, 60], "_Q7RWP_vCEemPd5ZtCQMxVQ"], ["task", [190, 180, 90, 60], "_Q7RWR_vCEemPd5ZtCQMxVQ"], ["startEvent_message", [150, 570, 35, 35], "_Q7RWOPvCEemPd5ZtCQMxVQ"], ["dataStoreReference", [420, 280, 40, 45], "_Q7RWT_vCEemPd5ZtCQMxVQ"]], "png": [862, 1345], "association_labels": [["dataOutputAssociation", [[395, 240], [423, 280]], "_Q7RWTvvCEemPd5ZtCQMxVQ", "_Q7RWS_vCEemPd5ZtCQMxVQ", "_Q7RWT_vCEemPd5ZtCQMxVQ"]], "id": "09552_00", "text_labels": [["Hungry for pizza", [74, 229, 88, 14], "_Q7RWRfvCEemPd5ZtCQMxVQ"], ["Where is my pizza?", [424, 609, 88, 25], "_Q7RWO_vCEemPd5ZtCQMxVQ"], ["Hunger satisfied", [1264, 229, 88, 14], "_Q7RWXPvCEemPd5ZtCQMxVQ"], ["60 minutes", [554, 329, 88, 14], "_Q7RWVPvCEemPd5ZtCQMxVQ"], ["End", [1144, 929, 88, 14], "_Q7RWY_vCEemPd5ZtCQMxVQ"], ["pizza received", [844, 229, 88, 14], "_Q7RWQPvCEemPd5ZtCQMxVQ"], ["Order received", [124, 609, 88, 14], "_Q7RWOPvCEemPd5ZtCQMxVQ"], ["Database", [396, 329, 88, 14], "_Q7RWT_vCEemPd5ZtCQMxVQ"], ["money", [985, 553, 20, 14], "_Q7RWQfvCEemPd5ZtCQMxVQ"], ["receipt", [1091, 553, 21, 14], "_Q7RWRPvCEemPd5ZtCQMxVQ"], ["pizza order", [270, 353, 43, 25], "_Q7RWNvvCEemPd5ZtCQMxVQ"]], "y_min": 120, "project_id": "09552_00", "x_min": 40}