{"shape_labels": [["endEvent_terminate", [1170, 890, 35, 35], "_L-deI_vCEemPd5ZtCQMxVQ"], ["task", [330, 180, 90, 60], "_L-dd9_vCEemPd5ZtCQMxVQ"], ["eventBasedGateway", [490, 190, 40, 40], "_L-deEPvCEemPd5ZtCQMxVQ"], ["endEvent", [1290, 190, 35, 35], "_L-deHPvCEemPd5ZtCQMxVQ"], ["intermediateCatchEvent_message", [450, 570, 35, 35], "_L-dd-_vCEemPd5ZtCQMxVQ"], ["task", [670, 280, 120, 60], "_L-dd-vvCEemPd5ZtCQMxVQ"], ["lane", [70, 712, 1303, 128], "_L-deIPvCEemPd5ZtCQMxVQ"], ["task", [1010, 180, 90, 60], "_L-deAvvCEemPd5ZtCQMxVQ"], ["task", [1150, 180, 90, 60], "_L-deGvvCEemPd5ZtCQMxVQ"], ["task", [190, 180, 90, 60], "_L-deB_vCEemPd5ZtCQMxVQ"], ["lane", [70, 840, 1303, 130], "_L-deIvvCEemPd5ZtCQMxVQ"], ["task", [1000, 882, 110, 60], "_L-deA_vCEemPd5ZtCQMxVQ"], ["startEvent_message", [150, 570, 35, 35], "_L-dd-PvCEemPd5ZtCQMxVQ"], ["task", [560, 560, 100, 60], "_L-dd_fvCEemPd5ZtCQMxVQ"], ["task", [500, 742, 90, 60], "_L-deIfvCEemPd5ZtCQMxVQ"], ["task", [810, 882, 110, 60], "_L-dd__vCEemPd5ZtCQMxVQ"], ["startEvent", [100, 190, 35, 35], "_L-deBfvCEemPd5ZtCQMxVQ"], ["intermediateThrowEvent_message", [870, 190, 35, 35], "_L-deAPvCEemPd5ZtCQMxVQ"], ["dataStoreReference", [420, 280, 40, 45], "_L-deD_vCEemPd5ZtCQMxVQ"], ["parallelGateway", [280, 572, 40, 40], "_L-deH_vCEemPd5ZtCQMxVQ"], ["lane", [70, 522, 1303, 190], "_L-deHvvCEemPd5ZtCQMxVQ"], ["intermediateCatchEvent_timer", [580, 290, 35, 35], "_L-deFPvCEemPd5ZtCQMxVQ"]], "flow_labels": [["sequenceFlow", [[1100, 210], [1150, 210]], "_L-deGfvCEemPd5ZtCQMxVQ", "_L-deAvvCEemPd5ZtCQMxVQ", "_L-deGvvCEemPd5ZtCQMxVQ"], ["messageFlow", [[375, 240], [375, 371], [169, 371], [169, 570]], "_L-dd9vvCEemPd5ZtCQMxVQ", "_L-dd9_vCEemPd5ZtCQMxVQ", "_L-dd-PvCEemPd5ZtCQMxVQ"], ["sequenceFlow", [[185, 588], [280, 588]], "_L-deJPvCEemPd5ZtCQMxVQ", "_L-dd-PvCEemPd5ZtCQMxVQ", "_L-deH_vCEemPd5ZtCQMxVQ"], ["messageFlow", [[1076, 882], [1076, 240]], "_L-deBPvCEemPd5ZtCQMxVQ", "_L-deA_vCEemPd5ZtCQMxVQ", "_L-deAvvCEemPd5ZtCQMxVQ"], ["sequenceFlow", [[700, 340], [700, 378], [510, 378], [510, 230]], "_L-deEfvCEemPd5ZtCQMxVQ", "_L-dd-vvCEemPd5ZtCQMxVQ", "_L-deEPvCEemPd5ZtCQMxVQ"], ["sequenceFlow", [[485, 587], [560, 587]], "_L-deKfvCEemPd5ZtCQMxVQ", "_L-dd-_vCEemPd5ZtCQMxVQ", "_L-dd_fvCEemPd5ZtCQMxVQ"], ["sequenceFlow", [[905, 207], [1010, 207]], "_L-deF_vCEemPd5ZtCQMxVQ", "_L-deAPvCEemPd5ZtCQMxVQ", "_L-deAvvCEemPd5ZtCQMxVQ"], ["sequenceFlow", [[610, 620], [610, 690], [390, 690], [390, 590], [450, 588]], "_L-deKPvCEemPd5ZtCQMxVQ", "_L-dd_fvCEemPd5ZtCQMxVQ", "_L-dd-_vCEemPd5ZtCQMxVQ"], ["messageFlow", [[1025, 240], [1025, 882]], "_L-deAfvCEemPd5ZtCQMxVQ", "_L-deAvvCEemPd5ZtCQMxVQ", "_L-deA_vCEemPd5ZtCQMxVQ"], ["sequenceFlow", [[920, 912], [1000, 912]], "_L-deLPvCEemPd5ZtCQMxVQ", "_L-dd__vCEemPd5ZtCQMxVQ", "_L-deA_vCEemPd5ZtCQMxVQ"], ["sequenceFlow", [[615, 307], [670, 307]], "_L-deFfvCEemPd5ZtCQMxVQ", "_L-deFPvCEemPd5ZtCQMxVQ", "_L-dd-vvCEemPd5ZtCQMxVQ"], ["sequenceFlow", [[420, 210], [490, 210]], "_L-deCfvCEemPd5ZtCQMxVQ", "_L-dd9_vCEemPd5ZtCQMxVQ", "_L-deEPvCEemPd5ZtCQMxVQ"], ["sequenceFlow", [[590, 772], [700, 772], [700, 912], [810, 912]], "_L-deK_vCEemPd5ZtCQMxVQ", "_L-deIfvCEemPd5ZtCQMxVQ", "_L-dd__vCEemPd5ZtCQMxVQ"], ["sequenceFlow", [[1110, 907], [1170, 907]], "_L-deLfvCEemPd5ZtCQMxVQ", "_L-deA_vCEemPd5ZtCQMxVQ", "_L-deI_vCEemPd5ZtCQMxVQ"], ["sequenceFlow", [[530, 210], [547, 210], [547, 312], [580, 312]], "_L-deEvvCEemPd5ZtCQMxVQ", "_L-deEPvCEemPd5ZtCQMxVQ", "_L-deFPvCEemPd5ZtCQMxVQ"], ["sequenceFlow", [[320, 588], [450, 588]], "_L-deJvvCEemPd5ZtCQMxVQ", "_L-deH_vCEemPd5ZtCQMxVQ", "_L-dd-_vCEemPd5ZtCQMxVQ"], ["messageFlow", [[723, 340], [723, 456], [468, 456], [468, 570]], "_L-dd-fvCEemPd5ZtCQMxVQ", "_L-dd-vvCEemPd5ZtCQMxVQ", "_L-dd-_vCEemPd5ZtCQMxVQ"], ["sequenceFlow", [[300, 612], [300, 769], [500, 769]], "_L-deJ_vCEemPd5ZtCQMxVQ", "_L-deH_vCEemPd5ZtCQMxVQ", "_L-deIfvCEemPd5ZtCQMxVQ"], ["sequenceFlow", [[530, 207], [870, 207]], "_L-deE_vCEemPd5ZtCQMxVQ", "_L-deEPvCEemPd5ZtCQMxVQ", "_L-deAPvCEemPd5ZtCQMxVQ"], ["messageFlow", [[887, 882], [887, 225]], "_L-dd_vvCEemPd5ZtCQMxVQ", "_L-dd__vCEemPd5ZtCQMxVQ", "_L-deAPvCEemPd5ZtCQMxVQ"], ["sequenceFlow", [[135, 207], [190, 207]], "_L-deBvvCEemPd5ZtCQMxVQ", "_L-deBfvCEemPd5ZtCQMxVQ", "_L-deB_vCEemPd5ZtCQMxVQ"], ["sequenceFlow", [[1240, 207], [1290, 207]], "_L-deG_vCEemPd5ZtCQMxVQ", "_L-deGvvCEemPd5ZtCQMxVQ", "_L-deHPvCEemPd5ZtCQMxVQ"], ["messageFlow", [[610, 560], [610, 490], [758, 490], [758, 340]], "_L-dd_PvCEemPd5ZtCQMxVQ", "_L-dd_fvCEemPd5ZtCQMxVQ", "_L-dd-vvCEemPd5ZtCQMxVQ"], ["sequenceFlow", [[280, 210], [330, 210]], "_L-deCPvCEemPd5ZtCQMxVQ", "_L-deB_vCEemPd5ZtCQMxVQ", "_L-dd9_vCEemPd5ZtCQMxVQ"]], "x_min": 40, "png": [862, 1345], "jpeg": [910, 1393], "id": "09495_00", "association_labels": [["dataOutputAssociation", [[395, 240], [423, 280]], "_L-deDvvCEemPd5ZtCQMxVQ", "_L-deC_vCEemPd5ZtCQMxVQ", "_L-deD_vCEemPd5ZtCQMxVQ"]], "text_labels": [["End", [1144, 929, 88, 14], "_L-deI_vCEemPd5ZtCQMxVQ"], ["Hunger satisfied", [1264, 229, 88, 14], "_L-deHPvCEemPd5ZtCQMxVQ"], ["Where is my pizza?", [424, 609, 88, 25], "_L-dd-_vCEemPd5ZtCQMxVQ"], ["Order received", [124, 609, 88, 14], "_L-dd-PvCEemPd5ZtCQMxVQ"], ["Hungry for pizza", [74, 229, 88, 14], "_L-deBfvCEemPd5ZtCQMxVQ"], ["pizza received", [844, 229, 88, 14], "_L-deAPvCEemPd5ZtCQMxVQ"], ["Database", [396, 329, 88, 14], "_L-deD_vCEemPd5ZtCQMxVQ"], ["60 minutes", [554, 329, 88, 14], "_L-deFPvCEemPd5ZtCQMxVQ"], ["pizza order", [270, 353, 43, 25], "_L-dd9vvCEemPd5ZtCQMxVQ"], ["receipt", [1091, 553, 21, 14], "_L-deBPvCEemPd5ZtCQMxVQ"], ["money", [985, 553, 20, 14], "_L-deAfvCEemPd5ZtCQMxVQ"]], "pool_labels": [["participant", [40, 120, 1333, 292], "_L-dd8vvCEemPd5ZtCQMxVQ"], ["participant", [40, 522, 1333, 448], "_L-dd9PvCEemPd5ZtCQMxVQ"]], "y_min": 120, "project_id": "09495_00"}