{"pool_labels": [["participant", [20, 18, 1103, 639], "_Ofug0fvCEemPd5ZtCQMxVQ"]], "flow_labels": [["messageFlow", [[675, 380], [675, 410], [878, 410], [878, 440]], "_Ofug2PvCEemPd5ZtCQMxVQ", "_Oft5zPvCEemPd5ZtCQMxVQ", "_Oft5zfvCEemPd5ZtCQMxVQ"], ["messageFlow", [[485, 480], [485, 500], [335, 500], [335, 520]], "_Ofug1vvCEemPd5ZtCQMxVQ", "_Oft5xfvCEemPd5ZtCQMxVQ", "_Oft5yPvCEemPd5ZtCQMxVQ"], ["messageFlow", [[490, 290], [490, 420]], "_Ofug1fvCEemPd5ZtCQMxVQ", "_Oft5x_vCEemPd5ZtCQMxVQ", "_Oft5xfvCEemPd5ZtCQMxVQ"], ["sequenceFlow", [[380, 570], [510, 570]], "_Oft5yfvCEemPd5ZtCQMxVQ", "_Oft5yPvCEemPd5ZtCQMxVQ", "_Oft5yvvCEemPd5ZtCQMxVQ"], ["sequenceFlow", [[497, 75], [497, 100]], "_Oft5w_vCEemPd5ZtCQMxVQ", "_Oft5wvvCEemPd5ZtCQMxVQ", "_Oft5xPvCEemPd5ZtCQMxVQ"], ["messageFlow", [[495, 290], [495, 305], [675, 305], [675, 320]], "_Ofug1_vCEemPd5ZtCQMxVQ", "_Oft5x_vCEemPd5ZtCQMxVQ", "_Oft5zPvCEemPd5ZtCQMxVQ"], ["sequenceFlow", [[290, 520], [130, 410], [440, 445]], "_Oft5xvvCEemPd5ZtCQMxVQ", "_Oft5yPvCEemPd5ZtCQMxVQ", "_Oft5xfvCEemPd5ZtCQMxVQ"], ["messageFlow", [[495, 160], [495, 230]], "_Ofug1PvCEemPd5ZtCQMxVQ", "_Oft5xPvCEemPd5ZtCQMxVQ", "_Oft5x_vCEemPd5ZtCQMxVQ"], ["messageFlow", [[860, 457], [530, 457]], "_Ofug2fvCEemPd5ZtCQMxVQ", "_Oft5zfvCEemPd5ZtCQMxVQ", "_Oft5xfvCEemPd5ZtCQMxVQ"]], "jpeg": [699, 1163], "shape_labels": [["startEvent", [480, 40, 35, 35], "_Oft5wvvCEemPd5ZtCQMxVQ"], ["task", [440, 420, 90, 60], "_Oft5xfvCEemPd5ZtCQMxVQ"], ["endEvent_terminate", [510, 560, 35, 35], "_Oft5yvvCEemPd5ZtCQMxVQ"], ["task", [450, 100, 90, 60], "_Oft5xPvCEemPd5ZtCQMxVQ"], ["startEvent_message", [860, 440, 35, 35], "_Oft5zfvCEemPd5ZtCQMxVQ"], ["userTask", [450, 230, 90, 60], "_Oft5x_vCEemPd5ZtCQMxVQ"], ["task", [290, 520, 90, 60], "_Oft5yPvCEemPd5ZtCQMxVQ"], ["userTask", [630, 320, 90, 60], "_Oft5zPvCEemPd5ZtCQMxVQ"]], "png": [651, 1115], "association_labels": [], "id": "09419_00", "text_labels": [["Task Closed", [494, 599, 68, 14], "_Oft5yvvCEemPd5ZtCQMxVQ"], ["Start with message/comment", [829, 479, 98, 25], "_Oft5zfvCEemPd5ZtCQMxVQ"], ["Assigned sub task", [783, 413, 38, 36], "_Ofug2PvCEemPd5ZtCQMxVQ"], ["In Review", [416, 503, 38, 25], "_Ofug1vvCEemPd5ZtCQMxVQ"], ["Task Complete", [425, 602, 58, 25], "_Oft5yfvCEemPd5ZtCQMxVQ"], ["Back to in progress", [163, 378, 38, 36], "_Oft5xvvCEemPd5ZtCQMxVQ"], ["Assign Task", [501, 198, 38, 25], "_Ofug1PvCEemPd5ZtCQMxVQ"]], "y_min": 18, "project_id": "09419_00", "x_min": 20}