{"shape_labels": [["endEvent_terminate", [900, 60, 35, 35], "_PhYyJPvCEemPd5ZtCQMxVQ"], ["task", [460, 0, 90, 60], "_PhYyOvvCEemPd5ZtCQMxVQ"], ["startEvent", [100, 120, 35, 35], "_PhYyI_vCEemPd5ZtCQMxVQ"], ["parallelGateway", [680, 150, 40, 40], "_PhYyKvvCEemPd5ZtCQMxVQ"], ["callActivity", [180, 140, 90, 60], "_PhYyJ_vCEemPd5ZtCQMxVQ"], ["task", [550, 140, 90, 60], "_PhYyQfvCEemPd5ZtCQMxVQ"], ["task", [870, 220, 90, 60], "_PhYyL_vCEemPd5ZtCQMxVQ"], ["task", [870, 150, 90, 60], "_PhYyMvvCEemPd5ZtCQMxVQ"], ["inclusiveGateway", [470, 150, 40, 40], "_PhYyPfvCEemPd5ZtCQMxVQ"], ["inclusiveGateway", [320, 150, 40, 40], "_PhYyNfvCEemPd5ZtCQMxVQ"]], "flow_labels": [["sequenceFlow", [[700, 190], [700, 250], [870, 250]], "_PhYyLPvCEemPd5ZtCQMxVQ", "_PhYyKvvCEemPd5ZtCQMxVQ", "_PhYyL_vCEemPd5ZtCQMxVQ"], ["sequenceFlow", [[510, 170], [550, 170]], "_PhYyPvvCEemPd5ZtCQMxVQ", "_PhYyPfvCEemPd5ZtCQMxVQ", "_PhYyQfvCEemPd5ZtCQMxVQ"], ["sequenceFlow", [[720, 170], [870, 170]], "_PhYyLfvCEemPd5ZtCQMxVQ", "_PhYyKvvCEemPd5ZtCQMxVQ", "_PhYyMvvCEemPd5ZtCQMxVQ"], ["sequenceFlow", [[360, 170], [470, 170]], "_PhYyN_vCEemPd5ZtCQMxVQ", "_PhYyNfvCEemPd5ZtCQMxVQ", "_PhYyPfvCEemPd5ZtCQMxVQ"], ["sequenceFlow", [[640, 170], [680, 170]], "_PhYyK_vCEemPd5ZtCQMxVQ", "_PhYyQfvCEemPd5ZtCQMxVQ", "_PhYyKvvCEemPd5ZtCQMxVQ"], ["sequenceFlow", [[270, 170], [320, 170]], "_PhYyKPvCEemPd5ZtCQMxVQ", "_PhYyJ_vCEemPd5ZtCQMxVQ", "_PhYyNfvCEemPd5ZtCQMxVQ"], ["sequenceFlow", [[340, 150], [340, 30], [460, 30]], "_PhYyNvvCEemPd5ZtCQMxVQ", "_PhYyNfvCEemPd5ZtCQMxVQ", "_PhYyOvvCEemPd5ZtCQMxVQ"]], "x_min": 20, "png": [364, 1015], "jpeg": [412, 1063], "id": "09421_00", "association_labels": [], "text_labels": [["End", [884, 99, 68, 14], "_PhYyJPvCEemPd5ZtCQMxVQ"], ["CoupaLineID Empty?", [456, 194, 68, 25], "_PhYyPfvCEemPd5ZtCQMxVQ"], ["CoupaLineID column exists?", [306, 194, 68, 36], "_PhYyNfvCEemPd5ZtCQMxVQ"], ["Update Line", [706, 244, 128, 14], "_PhYyLPvCEemPd5ZtCQMxVQ"], ["New Line", [801, 173, 38, 25], "_PhYyLfvCEemPd5ZtCQMxVQ"], ["No", [421, 173, 38, 14], "_PhYyN_vCEemPd5ZtCQMxVQ"], ["Yes", [346, 83, 38, 14], "_PhYyNvvCEemPd5ZtCQMxVQ"]], "pool_labels": [["participant", [20, -10, 1003, 352], "_PhYyRvvCEemPd5ZtCQMxVQ"]], "y_min": -10, "project_id": "09421_00"}