{"shape_labels": [["task", [830, 360, 90, 60], "_N-VrFfvCEemPd5ZtCQMxVQ"], ["parallelGateway", [1010, 320, 40, 40], "_N-VrFvvCEemPd5ZtCQMxVQ"], ["task", [820, 130, 90, 60], "_N-VrEPvCEemPd5ZtCQMxVQ"], ["eventBasedGateway", [960, 130, 40, 40], "_N-VrEfvCEemPd5ZtCQMxVQ"], ["task", [280, 120, 90, 60], "_N-VrCPvCEemPd5ZtCQMxVQ"], ["eventBasedGateway", [440, 130, 40, 40], "_N-VrDPvCEemPd5ZtCQMxVQ"], ["task", [830, 270, 90, 60], "_N-VrEvvCEemPd5ZtCQMxVQ"], ["task", [130, 120, 90, 63], "_N-VrBvvCEemPd5ZtCQMxVQ"], ["eventBasedGateway", [730, 280, 40, 40], "_N-VrFPvCEemPd5ZtCQMxVQ"], ["task", [690, 130, 90, 60], "_N-VrDfvCEemPd5ZtCQMxVQ"], ["userTask", [180, 260, 90, 60], "_N-VrF_vCEemPd5ZtCQMxVQ"], ["task", [560, 120, 90, 53], "_N-VrCvvCEemPd5ZtCQMxVQ"]], "flow_labels": [["sequenceFlow", [[750, 280], [750, 190]], "_N-VrD_vCEemPd5ZtCQMxVQ", "_N-VrFPvCEemPd5ZtCQMxVQ", "_N-VrDfvCEemPd5ZtCQMxVQ"], ["sequenceFlow", [[1010, 325], [920, 325]], "_N-VrE_vCEemPd5ZtCQMxVQ", "_N-VrFvvCEemPd5ZtCQMxVQ", "_N-VrEvvCEemPd5ZtCQMxVQ"], ["sequenceFlow", [[981, 130], [981, 80], [586, 80], [586, 120]], "_N-VrC_vCEemPd5ZtCQMxVQ", "_N-VrEfvCEemPd5ZtCQMxVQ", "_N-VrCvvCEemPd5ZtCQMxVQ"], ["sequenceFlow", [[960, 150], [780, 150]], "_N-VrDvvCEemPd5ZtCQMxVQ", "_N-VrEfvCEemPd5ZtCQMxVQ", "_N-VrDfvCEemPd5ZtCQMxVQ"], ["sequenceFlow", [[440, 150], [370, 150]], "_N-VrCfvCEemPd5ZtCQMxVQ", "_N-VrDPvCEemPd5ZtCQMxVQ", "_N-VrCPvCEemPd5ZtCQMxVQ"], ["sequenceFlow", [[220, 150], [280, 150]], "_N-VrB_vCEemPd5ZtCQMxVQ", "_N-VrBvvCEemPd5ZtCQMxVQ", "_N-VrCPvCEemPd5ZtCQMxVQ"]], "x_min": 30, "png": [424, 1147], "jpeg": [472, 1195], "id": "09746_00", "association_labels": [], "text_labels": [["Testes com grupos", [986, 364, 88, 25], "_N-VrFvvCEemPd5ZtCQMxVQ"], ["deu ruim ou classe incompleta?", [936, 174, 88, 36], "_N-VrEfvCEemPd5ZtCQMxVQ"], ["Todos os grupos de acordo?", [416, 174, 88, 25], "_N-VrDPvCEemPd5ZtCQMxVQ"], ["tudo ok?", [706, 324, 88, 14], "_N-VrFPvCEemPd5ZtCQMxVQ"], ["modelo incompleto", [790, 83, 76, 25], "_N-VrC_vCEemPd5ZtCQMxVQ"], ["deu ruim", [875, 152, 29, 25], "_N-VrDvvCEemPd5ZtCQMxVQ"], ["n\u00e3o", [389, 168, 6, 14], "_N-VrCfvCEemPd5ZtCQMxVQ"]], "pool_labels": [["participant", [30, 50, 1135, 412], "_N-VrAvvCEemPd5ZtCQMxVQ"]], "y_min": 50, "project_id": "09746_00"}