{"pool_labels": [["participant", [40, 80, 963, 142], "_L5naPvvCEemPd5ZtCQMxVQ"], ["participant", [40, 280, 963, 142], "_L5naP_vCEemPd5ZtCQMxVQ"]], "flow_labels": [["sequenceFlow", [[470, 150], [600, 150]], "_L5naN_vCEemPd5ZtCQMxVQ", "_L5naNvvCEemPd5ZtCQMxVQ", "_L5naOPvCEemPd5ZtCQMxVQ"], ["sequenceFlow", [[690, 150], [750, 150]], "_L5naOfvCEemPd5ZtCQMxVQ", "_L5naOPvCEemPd5ZtCQMxVQ", "_L5naOvvCEemPd5ZtCQMxVQ"], ["sequenceFlow", [[300, 350], [390, 350]], "_L5naUfvCEemPd5ZtCQMxVQ", "_L5naRvvCEemPd5ZtCQMxVQ", "_L5naSPvCEemPd5ZtCQMxVQ"], ["sequenceFlow", [[850, 147], [920, 147]], "_L5naPPvCEemPd5ZtCQMxVQ", "_L5naOvvCEemPd5ZtCQMxVQ", "_L5naO_vCEemPd5ZtCQMxVQ"], ["sequenceFlow", [[470, 350], [600, 350]], "_L5naUvvCEemPd5ZtCQMxVQ", "_L5naSPvCEemPd5ZtCQMxVQ", "_L5naSvvCEemPd5ZtCQMxVQ"], ["messageFlow", [[430, 320], [430, 180]], "_L5naR_vCEemPd5ZtCQMxVQ", "_L5naSPvCEemPd5ZtCQMxVQ", "_L5naNvvCEemPd5ZtCQMxVQ"], ["messageFlow", [[645, 180], [645, 320]], "_L5naSfvCEemPd5ZtCQMxVQ", "_L5naOPvCEemPd5ZtCQMxVQ", "_L5naSvvCEemPd5ZtCQMxVQ"], ["sequenceFlow", [[145, 147], [210, 147]], "_L5naM_vCEemPd5ZtCQMxVQ", "_L5naMvvCEemPd5ZtCQMxVQ", "_L5naNPvCEemPd5ZtCQMxVQ"], ["sequenceFlow", [[300, 150], [380, 150]], "_L5naNfvCEemPd5ZtCQMxVQ", "_L5naNPvCEemPd5ZtCQMxVQ", "_L5naNvvCEemPd5ZtCQMxVQ"], ["sequenceFlow", [[690, 350], [760, 350]], "_L5naVfvCEemPd5ZtCQMxVQ", "_L5naSvvCEemPd5ZtCQMxVQ", "_L5naTPvCEemPd5ZtCQMxVQ"], ["messageFlow", [[805, 320], [805, 180]], "_L5naS_vCEemPd5ZtCQMxVQ", "_L5naTPvCEemPd5ZtCQMxVQ", "_L5naOvvCEemPd5ZtCQMxVQ"], ["sequenceFlow", [[850, 347], [920, 347]], "_L5naVPvCEemPd5ZtCQMxVQ", "_L5naTPvCEemPd5ZtCQMxVQ", "_L5naU_vCEemPd5ZtCQMxVQ"], ["sequenceFlow", [[135, 347], [210, 347]], "_L5naUPvCEemPd5ZtCQMxVQ", "_L5naT_vCEemPd5ZtCQMxVQ", "_L5naRvvCEemPd5ZtCQMxVQ"], ["messageFlow", [[255, 180], [255, 320]], "_L5naRfvCEemPd5ZtCQMxVQ", "_L5naNPvCEemPd5ZtCQMxVQ", "_L5naRvvCEemPd5ZtCQMxVQ"]], "jpeg": [440, 1023], "shape_labels": [["endEvent", [920, 330, 35, 35], "_L5naU_vCEemPd5ZtCQMxVQ"], ["startEvent", [110, 130, 35, 35], "_L5naMvvCEemPd5ZtCQMxVQ"], ["sendTask", [600, 120, 90, 60], "_L5naOPvCEemPd5ZtCQMxVQ"], ["receiveTask", [750, 120, 100, 60], "_L5naOvvCEemPd5ZtCQMxVQ"], ["endEvent", [920, 130, 35, 35], "_L5naO_vCEemPd5ZtCQMxVQ"], ["startEvent", [100, 330, 35, 35], "_L5naT_vCEemPd5ZtCQMxVQ"], ["group", [530, 60, 360, 380], "_L5naTfvCEemPd5ZtCQMxVQ"], ["sendTask", [210, 120, 90, 60], "_L5naNPvCEemPd5ZtCQMxVQ"], ["receiveTask", [210, 320, 90, 60], "_L5naRvvCEemPd5ZtCQMxVQ"], ["sendTask", [760, 320, 90, 60], "_L5naTPvCEemPd5ZtCQMxVQ"], ["receiveTask", [600, 320, 90, 60], "_L5naSvvCEemPd5ZtCQMxVQ"], ["sendTask", [390, 320, 80, 60], "_L5naSPvCEemPd5ZtCQMxVQ"], ["receiveTask", [380, 120, 90, 60], "_L5naNvvCEemPd5ZtCQMxVQ"]], "png": [392, 975], "association_labels": [], "id": "09413_03", "text_labels": [["Illness occurs", [84, 169, 88, 14], "_L5naMvvCEemPd5ZtCQMxVQ"], ["Go see doctor", [355, 242, 57, 25], "_L5naR_vCEemPd5ZtCQMxVQ"], ["I need my medicine", [545, 242, 79, 25], "_L5naSfvCEemPd5ZtCQMxVQ"], ["Here is your medicine", [695, 242, 92, 25], "_L5naS_vCEemPd5ZtCQMxVQ"], ["I want to see doctor", [155, 242, 85, 25], "_L5naRfvCEemPd5ZtCQMxVQ"]], "y_min": 60, "project_id": "09413_03", "x_min": 40}