{"shape_labels": [["callActivity", [330, 110, 90, 60], "_Sw_icfvCEemPd5ZtCQMxVQ"], ["callActivity", [300, 260, 90, 60], "_Sw_h8PvCEemPd5ZtCQMxVQ"], ["callActivity", [70, 340, 90, 60], "_Sw_h9fvCEemPd5ZtCQMxVQ"], ["parallelGateway", [460, 330, 40, 40], "_Sw_igPvCEemPd5ZtCQMxVQ"], ["userTask", [200, 110, 90, 60], "_Sw_h9PvCEemPd5ZtCQMxVQ"], ["endEvent_terminate", [540, 330, 35, 35], "_Sw_iffvCEemPd5ZtCQMxVQ"], ["endEvent", [590, 120, 35, 35], "_Sw_idvvCEemPd5ZtCQMxVQ"], ["intermediateCatchEvent_conditional", [480, 120, 35, 35], "_Sw_h7_vCEemPd5ZtCQMxVQ"], ["startEvent", [90, 120, 35, 35], "_Sw_icPvCEemPd5ZtCQMxVQ"], ["callActivity", [300, 400, 90, 60], "_Sw_h8vvCEemPd5ZtCQMxVQ"], ["exclusiveGateway", [240, 350, 40, 40], "_Sw_iePvCEemPd5ZtCQMxVQ"]], "flow_labels": [["sequenceFlow", [[420, 137], [480, 137]], "_Sw_icvvCEemPd5ZtCQMxVQ", "_Sw_icfvCEemPd5ZtCQMxVQ", "_Sw_h7_vCEemPd5ZtCQMxVQ"], ["sequenceFlow", [[260, 350], [260, 290], [300, 290]], "_Sw_ievvCEemPd5ZtCQMxVQ", "_Sw_iePvCEemPd5ZtCQMxVQ", "_Sw_h8PvCEemPd5ZtCQMxVQ"], ["sequenceFlow", [[390, 430], [480, 430], [480, 370]], "_Sw_ifPvCEemPd5ZtCQMxVQ", "_Sw_h8vvCEemPd5ZtCQMxVQ", "_Sw_igPvCEemPd5ZtCQMxVQ"], ["sequenceFlow", [[160, 370], [240, 370]], "_Sw_id_vCEemPd5ZtCQMxVQ", "_Sw_h9fvCEemPd5ZtCQMxVQ", "_Sw_iePvCEemPd5ZtCQMxVQ"], ["messageFlow", [[498, 155], [498, 208], [345, 207], [345, 260]], "_Sw_h7vvCEemPd5ZtCQMxVQ", "_Sw_h7_vCEemPd5ZtCQMxVQ", "_Sw_h8PvCEemPd5ZtCQMxVQ"], ["sequenceFlow", [[500, 347], [540, 347]], "_Sw_ifvvCEemPd5ZtCQMxVQ", "_Sw_igPvCEemPd5ZtCQMxVQ", "_Sw_iffvCEemPd5ZtCQMxVQ"], ["sequenceFlow", [[125, 137], [200, 137]], "_Sw_ibvvCEemPd5ZtCQMxVQ", "_Sw_icPvCEemPd5ZtCQMxVQ", "_Sw_h9PvCEemPd5ZtCQMxVQ"], ["sequenceFlow", [[260, 390], [260, 430], [300, 430]], "_Sw_iefvCEemPd5ZtCQMxVQ", "_Sw_iePvCEemPd5ZtCQMxVQ", "_Sw_h8vvCEemPd5ZtCQMxVQ"], ["sequenceFlow", [[515, 137], [590, 137]], "_Sw_ic_vCEemPd5ZtCQMxVQ", "_Sw_h7_vCEemPd5ZtCQMxVQ", "_Sw_idvvCEemPd5ZtCQMxVQ"], ["sequenceFlow", [[390, 290], [480, 290], [480, 330]], "_Sw_ie_vCEemPd5ZtCQMxVQ", "_Sw_h8PvCEemPd5ZtCQMxVQ", "_Sw_igPvCEemPd5ZtCQMxVQ"], ["messageFlow", [[245, 170], [245, 255], [115, 255], [115, 340]], "_Sw_h8_vCEemPd5ZtCQMxVQ", "_Sw_h9PvCEemPd5ZtCQMxVQ", "_Sw_h9fvCEemPd5ZtCQMxVQ"], ["messageFlow", [[502, 155], [502, 444], [410, 443], [390, 443]], "_Sw_h8fvCEemPd5ZtCQMxVQ", "_Sw_h7_vCEemPd5ZtCQMxVQ", "_Sw_h8vvCEemPd5ZtCQMxVQ"], ["sequenceFlow", [[290, 140], [330, 140]], "_Sw_ib_vCEemPd5ZtCQMxVQ", "_Sw_h9PvCEemPd5ZtCQMxVQ", "_Sw_icfvCEemPd5ZtCQMxVQ"]], "x_min": 20, "png": [384, 630], "jpeg": [432, 698], "id": "09652_04", "association_labels": [], "text_labels": [["s'il existe", [454, 159, 88, 14], "_Sw_h7_vCEemPd5ZtCQMxVQ"], ["Consulter le tableau de bord", [64, 159, 88, 25], "_Sw_icPvCEemPd5ZtCQMxVQ"]], "pool_labels": [["participant", [20, 250, 613, 222], "_Sw_hzvvCEemPd5ZtCQMxVQ"], ["participant", [20, 100, 618, 132], "_Sw_hzPvCEemPd5ZtCQMxVQ"]], "y_min": 100, "project_id": "09652_04"}