{"pool_labels": [["participant", [40, 280, 963, 142], "_JY1fj_vCEemPd5ZtCQMxVQ"], ["participant", [40, 80, 963, 142], "_JY1fjvvCEemPd5ZtCQMxVQ"]], "flow_labels": [["sequenceFlow", [[300, 150], [380, 150]], "_JY1fhfvCEemPd5ZtCQMxVQ", "_JY1fhPvCEemPd5ZtCQMxVQ", "_JY1fhvvCEemPd5ZtCQMxVQ"], ["sequenceFlow", [[145, 147], [210, 147]], "_JY1fg_vCEemPd5ZtCQMxVQ", "_JY1fgvvCEemPd5ZtCQMxVQ", "_JY1fhPvCEemPd5ZtCQMxVQ"], ["sequenceFlow", [[690, 150], [750, 150]], "_JY1fifvCEemPd5ZtCQMxVQ", "_JY1fiPvCEemPd5ZtCQMxVQ", "_JY1fivvCEemPd5ZtCQMxVQ"], ["messageFlow", [[430, 320], [430, 180]], "_JY1fk_vCEemPd5ZtCQMxVQ", "_JY1flPvCEemPd5ZtCQMxVQ", "_JY1fhvvCEemPd5ZtCQMxVQ"], ["sequenceFlow", [[135, 347], [210, 347]], "_JY1fnPvCEemPd5ZtCQMxVQ", "_JY1fm_vCEemPd5ZtCQMxVQ", "_JY1fkvvCEemPd5ZtCQMxVQ"], ["sequenceFlow", [[470, 150], [600, 150]], "_JY1fh_vCEemPd5ZtCQMxVQ", "_JY1fhvvCEemPd5ZtCQMxVQ", "_JY1fiPvCEemPd5ZtCQMxVQ"], ["sequenceFlow", [[300, 350], [390, 350]], "_JY1fnfvCEemPd5ZtCQMxVQ", "_JY1fkvvCEemPd5ZtCQMxVQ", "_JY1flPvCEemPd5ZtCQMxVQ"], ["sequenceFlow", [[850, 147], [920, 147]], "_JY1fjPvCEemPd5ZtCQMxVQ", "_JY1fivvCEemPd5ZtCQMxVQ", "_JY1fi_vCEemPd5ZtCQMxVQ"], ["messageFlow", [[255, 180], [255, 320]], "_JY1fkfvCEemPd5ZtCQMxVQ", "_JY1fhPvCEemPd5ZtCQMxVQ", "_JY1fkvvCEemPd5ZtCQMxVQ"], ["sequenceFlow", [[850, 347], [920, 347]], "_JY1foPvCEemPd5ZtCQMxVQ", "_JY1fmPvCEemPd5ZtCQMxVQ", "_JY1fn_vCEemPd5ZtCQMxVQ"], ["messageFlow", [[645, 180], [645, 320]], "_JY1flfvCEemPd5ZtCQMxVQ", "_JY1fiPvCEemPd5ZtCQMxVQ", "_JY1flvvCEemPd5ZtCQMxVQ"], ["sequenceFlow", [[690, 350], [760, 350]], "_JY1fofvCEemPd5ZtCQMxVQ", "_JY1flvvCEemPd5ZtCQMxVQ", "_JY1fmPvCEemPd5ZtCQMxVQ"], ["messageFlow", [[805, 320], [805, 180]], "_JY1fl_vCEemPd5ZtCQMxVQ", "_JY1fmPvCEemPd5ZtCQMxVQ", "_JY1fivvCEemPd5ZtCQMxVQ"], ["sequenceFlow", [[470, 350], [600, 350]], "_JY1fnvvCEemPd5ZtCQMxVQ", "_JY1flPvCEemPd5ZtCQMxVQ", "_JY1flvvCEemPd5ZtCQMxVQ"]], "jpeg": [440, 1023], "shape_labels": [["receiveTask", [210, 320, 90, 60], "_JY1fkvvCEemPd5ZtCQMxVQ"], ["group", [530, 60, 360, 380], "_JY1fmfvCEemPd5ZtCQMxVQ"], ["startEvent", [110, 130, 35, 35], "_JY1fgvvCEemPd5ZtCQMxVQ"], ["sendTask", [600, 120, 90, 60], "_JY1fiPvCEemPd5ZtCQMxVQ"], ["sendTask", [760, 320, 90, 60], "_JY1fmPvCEemPd5ZtCQMxVQ"], ["endEvent", [920, 130, 35, 35], "_JY1fi_vCEemPd5ZtCQMxVQ"], ["sendTask", [390, 320, 80, 60], "_JY1flPvCEemPd5ZtCQMxVQ"], ["receiveTask", [750, 120, 100, 60], "_JY1fivvCEemPd5ZtCQMxVQ"], ["receiveTask", [600, 320, 90, 60], "_JY1flvvCEemPd5ZtCQMxVQ"], ["receiveTask", [380, 120, 90, 60], "_JY1fhvvCEemPd5ZtCQMxVQ"], ["sendTask", [210, 120, 90, 60], "_JY1fhPvCEemPd5ZtCQMxVQ"], ["startEvent", [100, 330, 35, 35], "_JY1fm_vCEemPd5ZtCQMxVQ"], ["endEvent", [920, 330, 35, 35], "_JY1fn_vCEemPd5ZtCQMxVQ"]], "png": [392, 975], "association_labels": [], "id": "09406_00", "text_labels": [["Illness occurs", [84, 169, 88, 14], "_JY1fgvvCEemPd5ZtCQMxVQ"], ["Go see doctor", [355, 242, 57, 25], "_JY1fk_vCEemPd5ZtCQMxVQ"], ["I want to see doctor", [155, 242, 85, 25], "_JY1fkfvCEemPd5ZtCQMxVQ"], ["I need my medicine", [545, 242, 79, 25], "_JY1flfvCEemPd5ZtCQMxVQ"], ["Here is your medicine", [695, 242, 92, 25], "_JY1fl_vCEemPd5ZtCQMxVQ"]], "y_min": 60, "project_id": "09406_00", "x_min": 40}