{"pool_labels": [["participant", [40, 80, 963, 142], "_Lwc3LvvCEemPd5ZtCQMxVQ"], ["participant", [40, 280, 963, 142], "_Lwc3L_vCEemPd5ZtCQMxVQ"]], "flow_labels": [["messageFlow", [[430, 320], [430, 180]], "_Lwc3M_vCEemPd5ZtCQMxVQ", "_Lwc3NPvCEemPd5ZtCQMxVQ", "_Lwc3JvvCEemPd5ZtCQMxVQ"], ["sequenceFlow", [[145, 147], [210, 147]], "_Lwc3I_vCEemPd5ZtCQMxVQ", "_Lwc3IvvCEemPd5ZtCQMxVQ", "_Lwc3JPvCEemPd5ZtCQMxVQ"], ["messageFlow", [[805, 320], [805, 180]], "_Lwc3N_vCEemPd5ZtCQMxVQ", "_Lwc3OPvCEemPd5ZtCQMxVQ", "_Lwc3KvvCEemPd5ZtCQMxVQ"], ["sequenceFlow", [[470, 150], [600, 150]], "_Lwc3J_vCEemPd5ZtCQMxVQ", "_Lwc3JvvCEemPd5ZtCQMxVQ", "_Lwc3KPvCEemPd5ZtCQMxVQ"], ["sequenceFlow", [[850, 147], [920, 147]], "_Lwc3LPvCEemPd5ZtCQMxVQ", "_Lwc3KvvCEemPd5ZtCQMxVQ", "_Lwc3K_vCEemPd5ZtCQMxVQ"], ["sequenceFlow", [[300, 150], [380, 150]], "_Lwc3JfvCEemPd5ZtCQMxVQ", "_Lwc3JPvCEemPd5ZtCQMxVQ", "_Lwc3JvvCEemPd5ZtCQMxVQ"], ["sequenceFlow", [[690, 150], [750, 150]], "_Lwc3KfvCEemPd5ZtCQMxVQ", "_Lwc3KPvCEemPd5ZtCQMxVQ", "_Lwc3KvvCEemPd5ZtCQMxVQ"], ["sequenceFlow", [[690, 350], [760, 350]], "_Lwc3QfvCEemPd5ZtCQMxVQ", "_Lwc3NvvCEemPd5ZtCQMxVQ", "_Lwc3OPvCEemPd5ZtCQMxVQ"], ["sequenceFlow", [[300, 350], [390, 350]], "_Lwc3PfvCEemPd5ZtCQMxVQ", "_Lwc3MvvCEemPd5ZtCQMxVQ", "_Lwc3NPvCEemPd5ZtCQMxVQ"], ["sequenceFlow", [[135, 347], [210, 347]], "_Lwc3PPvCEemPd5ZtCQMxVQ", "_Lwc3O_vCEemPd5ZtCQMxVQ", "_Lwc3MvvCEemPd5ZtCQMxVQ"], ["sequenceFlow", [[850, 347], [920, 347]], "_Lwc3QPvCEemPd5ZtCQMxVQ", "_Lwc3OPvCEemPd5ZtCQMxVQ", "_Lwc3P_vCEemPd5ZtCQMxVQ"], ["messageFlow", [[645, 180], [645, 320]], "_Lwc3NfvCEemPd5ZtCQMxVQ", "_Lwc3KPvCEemPd5ZtCQMxVQ", "_Lwc3NvvCEemPd5ZtCQMxVQ"], ["messageFlow", [[255, 180], [255, 320]], "_Lwc3MfvCEemPd5ZtCQMxVQ", "_Lwc3JPvCEemPd5ZtCQMxVQ", "_Lwc3MvvCEemPd5ZtCQMxVQ"], ["sequenceFlow", [[470, 350], [600, 350]], "_Lwc3PvvCEemPd5ZtCQMxVQ", "_Lwc3NPvCEemPd5ZtCQMxVQ", "_Lwc3NvvCEemPd5ZtCQMxVQ"]], "jpeg": [440, 1023], "shape_labels": [["endEvent", [920, 330, 35, 35], "_Lwc3P_vCEemPd5ZtCQMxVQ"], ["receiveTask", [600, 320, 90, 60], "_Lwc3NvvCEemPd5ZtCQMxVQ"], ["sendTask", [210, 120, 90, 60], "_Lwc3JPvCEemPd5ZtCQMxVQ"], ["receiveTask", [210, 320, 90, 60], "_Lwc3MvvCEemPd5ZtCQMxVQ"], ["sendTask", [600, 120, 90, 60], "_Lwc3KPvCEemPd5ZtCQMxVQ"], ["group", [530, 60, 360, 380], "_Lwc3OfvCEemPd5ZtCQMxVQ"], ["receiveTask", [380, 120, 90, 60], "_Lwc3JvvCEemPd5ZtCQMxVQ"], ["sendTask", [760, 320, 90, 60], "_Lwc3OPvCEemPd5ZtCQMxVQ"], ["sendTask", [390, 320, 80, 60], "_Lwc3NPvCEemPd5ZtCQMxVQ"], ["startEvent", [100, 330, 35, 35], "_Lwc3O_vCEemPd5ZtCQMxVQ"], ["startEvent", [110, 130, 35, 35], "_Lwc3IvvCEemPd5ZtCQMxVQ"], ["receiveTask", [750, 120, 100, 60], "_Lwc3KvvCEemPd5ZtCQMxVQ"], ["endEvent", [920, 130, 35, 35], "_Lwc3K_vCEemPd5ZtCQMxVQ"]], "png": [392, 975], "association_labels": [], "id": "09536_00", "text_labels": [["Illness occurs", [84, 169, 88, 14], "_Lwc3IvvCEemPd5ZtCQMxVQ"], ["Go see doctor", [355, 242, 57, 25], "_Lwc3M_vCEemPd5ZtCQMxVQ"], ["Here is your medicine", [695, 242, 92, 25], "_Lwc3N_vCEemPd5ZtCQMxVQ"], ["I need my medicine", [545, 242, 79, 25], "_Lwc3NfvCEemPd5ZtCQMxVQ"], ["I want to see doctor", [155, 242, 85, 25], "_Lwc3MfvCEemPd5ZtCQMxVQ"]], "y_min": 60, "project_id": "09536_00", "x_min": 40}