{"shape_labels": [["serviceTask", [700, 320, 90, 60], "_HuI4SvvCEemPd5ZtCQMxVQ"], ["userTask", [560, 140, 90, 60], "_HuI4R_vCEemPd5ZtCQMxVQ"], ["serviceTask", [420, 140, 90, 60], "_HuI4RvvCEemPd5ZtCQMxVQ"], ["serviceTask", [830, 320, 90, 60], "_HuI4S_vCEemPd5ZtCQMxVQ"], ["startEvent_signal", [200, 150, 35, 35], "_HuI4RPvCEemPd5ZtCQMxVQ"], ["userTask", [280, 140, 90, 60], "_HuI4RfvCEemPd5ZtCQMxVQ"], ["group", [250, 110, 280, 130], "_HuI4V_vCEemPd5ZtCQMxVQ"], ["lane", [130, 262, 1013, 162], "_HuI4SfvCEemPd5ZtCQMxVQ"], ["userTask", [690, 140, 90, 60], "_HuI4SPvCEemPd5ZtCQMxVQ"], ["lane", [130, 70, 1013, 192], "_HuI4Q_vCEemPd5ZtCQMxVQ"], ["serviceTask", [960, 320, 90, 60], "_HuI4TPvCEemPd5ZtCQMxVQ"]], "flow_labels": [["sequenceFlow", [[790, 350], [830, 350]], "_HuI4UvvCEemPd5ZtCQMxVQ", "_HuI4SvvCEemPd5ZtCQMxVQ", "_HuI4S_vCEemPd5ZtCQMxVQ"], ["sequenceFlow", [[650, 170], [690, 170]], "_HuI4UfvCEemPd5ZtCQMxVQ", "_HuI4R_vCEemPd5ZtCQMxVQ", "_HuI4SPvCEemPd5ZtCQMxVQ"], ["sequenceFlow", [[920, 350], [960, 350]], "_HuI4U_vCEemPd5ZtCQMxVQ", "_HuI4S_vCEemPd5ZtCQMxVQ", "_HuI4TPvCEemPd5ZtCQMxVQ"], ["messageFlow", [[740, 200], [740, 320]], "_HuI4VvvCEemPd5ZtCQMxVQ", "_HuI4SPvCEemPd5ZtCQMxVQ", "_HuI4SvvCEemPd5ZtCQMxVQ"], ["sequenceFlow", [[235, 167], [280, 167]], "_HuI4TfvCEemPd5ZtCQMxVQ", "_HuI4RPvCEemPd5ZtCQMxVQ", "_HuI4RfvCEemPd5ZtCQMxVQ"], ["sequenceFlow", [[370, 170], [420, 170]], "_HuI4T_vCEemPd5ZtCQMxVQ", "_HuI4RfvCEemPd5ZtCQMxVQ", "_HuI4RvvCEemPd5ZtCQMxVQ"], ["sequenceFlow", [[510, 170], [560, 170]], "_HuI4UPvCEemPd5ZtCQMxVQ", "_HuI4RvvCEemPd5ZtCQMxVQ", "_HuI4R_vCEemPd5ZtCQMxVQ"]], "x_min": 100, "png": [366, 1055], "jpeg": [414, 1103], "id": "09686_00", "association_labels": [], "text_labels": [["nova release", [174, 189, 88, 14], "_HuI4RPvCEemPd5ZtCQMxVQ"]], "pool_labels": [["participant", [100, 70, 1043, 354], "_HuI4VfvCEemPd5ZtCQMxVQ"]], "y_min": 70, "project_id": "09686_00"}