{"pool_labels": [["participant", [10, 40, 893, 132], "_SgLekPvCEemPd5ZtCQMxVQ"], ["participant", [10, 200, 893, 122], "_SgLek_vCEemPd5ZtCQMxVQ"], ["participant", [10, 340, 895, 344], "_SgLelfvCEemPd5ZtCQMxVQ"]], "flow_labels": [["sequenceFlow", [[480, 555], [300, 555]], "_SgLer_vCEemPd5ZtCQMxVQ", "_SgLervvCEemPd5ZtCQMxVQ", "_SgLetPvCEemPd5ZtCQMxVQ"], ["sequenceFlow", [[460, 260], [300, 260]], "_SgLepfvCEemPd5ZtCQMxVQ", "_SgLeo_vCEemPd5ZtCQMxVQ", "_SgLepvvCEemPd5ZtCQMxVQ"], ["sequenceFlow", [[590, 80], [750, 80]], "_SgLei_vCEemPd5ZtCQMxVQ", "_SgLehvvCEemPd5ZtCQMxVQ", "_SgLeh_vCEemPd5ZtCQMxVQ"], ["sequenceFlow", [[300, 80], [460, 80]], "_SgLeivvCEemPd5ZtCQMxVQ", "_SgLehfvCEemPd5ZtCQMxVQ", "_SgLehvvCEemPd5ZtCQMxVQ"], ["sequenceFlow", [[230, 520], [100, 441], [100, 290]], "_SgLeqfvCEemPd5ZtCQMxVQ", "_SgLetPvCEemPd5ZtCQMxVQ", "_SgLeqPvCEemPd5ZtCQMxVQ"], ["sequenceFlow", [[105, 77], [210, 77]], "_SgLeifvCEemPd5ZtCQMxVQ", "_SgLehPvCEemPd5ZtCQMxVQ", "_SgLehfvCEemPd5ZtCQMxVQ"], ["sequenceFlow", [[800, 120], [800, 230]], "_SgLejPvCEemPd5ZtCQMxVQ", "_SgLeh_vCEemPd5ZtCQMxVQ", "_SgLejvvCEemPd5ZtCQMxVQ"], ["sequenceFlow", [[815, 430], [815, 540]], "_SgLerPvCEemPd5ZtCQMxVQ", "_SgLes_vCEemPd5ZtCQMxVQ", "_SgLeq_vCEemPd5ZtCQMxVQ"], ["sequenceFlow", [[750, 260], [590, 260]], "_SgLepPvCEemPd5ZtCQMxVQ", "_SgLejvvCEemPd5ZtCQMxVQ", "_SgLeo_vCEemPd5ZtCQMxVQ"], ["sequenceFlow", [[250, 290], [250, 380]], "_SgLep_vCEemPd5ZtCQMxVQ", "_SgLepvvCEemPd5ZtCQMxVQ", "_SgLeqvvCEemPd5ZtCQMxVQ"], ["sequenceFlow", [[87, 230], [87, 165]], "_SgLejfvCEemPd5ZtCQMxVQ", "_SgLeqPvCEemPd5ZtCQMxVQ", "_SgLeiPvCEemPd5ZtCQMxVQ"], ["sequenceFlow", [[150, 635], [79, 635], [79, 570]], "_SgLeuPvCEemPd5ZtCQMxVQ", "_SgLet_vCEemPd5ZtCQMxVQ", "_SgLeufvCEemPd5ZtCQMxVQ"], ["sequenceFlow", [[230, 570], [187, 585], [187, 610]], "_SgLetvvCEemPd5ZtCQMxVQ", "_SgLetPvCEemPd5ZtCQMxVQ", "_SgLet_vCEemPd5ZtCQMxVQ"], ["sequenceFlow", [[620, 400], [770, 400]], "_SgLesvvCEemPd5ZtCQMxVQ", "_SgLesfvCEemPd5ZtCQMxVQ", "_SgLes_vCEemPd5ZtCQMxVQ"], ["sequenceFlow", [[320, 405], [480, 405]], "_SgLesPvCEemPd5ZtCQMxVQ", "_SgLeqvvCEemPd5ZtCQMxVQ", "_SgLesfvCEemPd5ZtCQMxVQ"], ["sequenceFlow", [[760, 570], [610, 570]], "_SgLerfvCEemPd5ZtCQMxVQ", "_SgLeq_vCEemPd5ZtCQMxVQ", "_SgLervvCEemPd5ZtCQMxVQ"], ["sequenceFlow", [[140, 545], [230, 545]], "_SgLetfvCEemPd5ZtCQMxVQ", "_SgLeufvCEemPd5ZtCQMxVQ", "_SgLetPvCEemPd5ZtCQMxVQ"]], "jpeg": [704, 955], "shape_labels": [["group", [40, 470, 300, 200], "_SgLemfvCEemPd5ZtCQMxVQ"], ["sendTask", [50, 510, 90, 60], "_SgLeufvCEemPd5ZtCQMxVQ"], ["endEvent", [70, 130, 35, 35], "_SgLeiPvCEemPd5ZtCQMxVQ"], ["receiveTask", [760, 540, 130, 60], "_SgLeq_vCEemPd5ZtCQMxVQ"], ["textAnnotation", [100, 300, 160, 40], "_SgLenfvCEemPd5ZtCQMxVQ"], ["receiveTask", [750, 230, 120, 60], "_SgLejvvCEemPd5ZtCQMxVQ"], ["sendTask", [770, 370, 90, 60], "_SgLes_vCEemPd5ZtCQMxVQ"], ["sendTask", [200, 380, 120, 60], "_SgLeqvvCEemPd5ZtCQMxVQ"], ["group", [460, 460, 440, 210], "_SgLem_vCEemPd5ZtCQMxVQ"], ["startEvent", [70, 60, 35, 35], "_SgLehPvCEemPd5ZtCQMxVQ"], ["receiveTask", [190, 230, 110, 60], "_SgLepvvCEemPd5ZtCQMxVQ"], ["receiveTask", [50, 230, 90, 60], "_SgLeqPvCEemPd5ZtCQMxVQ"], ["sendTask", [750, 50, 100, 70], "_SgLeh_vCEemPd5ZtCQMxVQ"], ["receiveTask", [480, 370, 140, 60], "_SgLesfvCEemPd5ZtCQMxVQ"], ["sendTask", [210, 50, 90, 60], "_SgLehfvCEemPd5ZtCQMxVQ"], ["sendTask", [230, 520, 70, 50], "_SgLetPvCEemPd5ZtCQMxVQ"], ["receiveTask", [150, 610, 80, 50], "_SgLet_vCEemPd5ZtCQMxVQ"], ["sendTask", [460, 230, 130, 60], "_SgLeo_vCEemPd5ZtCQMxVQ"], ["sendTask", [480, 540, 130, 60], "_SgLervvCEemPd5ZtCQMxVQ"], ["textAnnotation", [480, 600, 130, 50], "_SgLenvvCEemPd5ZtCQMxVQ"], ["lane", [40, 40, 863, 132], "_SgLeg_vCEemPd5ZtCQMxVQ"], ["receiveTask", [460, 50, 130, 60], "_SgLehvvCEemPd5ZtCQMxVQ"]], "png": [656, 907], "association_labels": [], "id": "09557_04", "text_labels": [["End", [44, 142, 88, 14], "_SgLeiPvCEemPd5ZtCQMxVQ"], ["Login using his credentials", [44, 99, 88, 25], "_SgLehPvCEemPd5ZtCQMxVQ"], ["AbstractSapGwConverter", [306, 544, 178, 14], "_SgLer_vCEemPd5ZtCQMxVQ"], ["HiltiOrderHistoryFacadeImpl", [313, 245, 134, 14], "_SgLepfvCEemPd5ZtCQMxVQ"], ["myAccountPageLayout.jsp", [603, 65, 128, 14], "_SgLei_vCEemPd5ZtCQMxVQ"], ["Pop up appears", [340, 65, 84, 14], "_SgLeivvCEemPd5ZtCQMxVQ"], ["Send the response as DTO  to JSP", [57, 364, 38, 69], "_SgLeqfvCEemPd5ZtCQMxVQ"], ["OrderHistoryController", [667, 152, 148, 14], "_SgLejPvCEemPd5ZtCQMxVQ"], ["AbstractSapMethodsService", [682, 505, 128, 14], "_SgLerPvCEemPd5ZtCQMxVQ"], ["HiltiOrderHistoryFacadeImpl", [598, 245, 148, 14], "_SgLepPvCEemPd5ZtCQMxVQ"], ["SapGwBusinessServiceImpl", [226, 347, 199, 14], "_SgLep_vCEemPd5ZtCQMxVQ"], ["ODataUtil ", [86, 601, 38, 14], "_SgLeuPvCEemPd5ZtCQMxVQ"], ["SapHelper", [270, 596, 88, 14], "_SgLetvvCEemPd5ZtCQMxVQ"], ["SapOrderHistoryServiceImpl", [668, 341, 138, 14], "_SgLesvvCEemPd5ZtCQMxVQ"], ["SapOrderHistoryServiceImpl", [316, 390, 158, 14], "_SgLesPvCEemPd5ZtCQMxVQ"], ["AbstractSapMethodsService", [617, 575, 138, 14], "_SgLerfvCEemPd5ZtCQMxVQ"]], "y_min": 40, "project_id": "09557_04", "x_min": 10}