{"pool_labels": [], "flow_labels": [["sequenceFlow", [[497, 75], [497, 110]], "_ONrulPvCEemPd5ZtCQMxVQ", "_ONruk_vCEemPd5ZtCQMxVQ", "_ONrul_vCEemPd5ZtCQMxVQ"], ["sequenceFlow", [[500, 350], [500, 370]], "_ONruo_vCEemPd5ZtCQMxVQ", "_ONruovvCEemPd5ZtCQMxVQ", "_ONrupfvCEemPd5ZtCQMxVQ"], ["sequenceFlow", [[440, 652], [335, 652]], "_ONrut_vCEemPd5ZtCQMxVQ", "_ONrutfvCEemPd5ZtCQMxVQ", "_ONruufvCEemPd5ZtCQMxVQ"], ["sequenceFlow", [[560, 652], [670, 652]], "_ONrutvvCEemPd5ZtCQMxVQ", "_ONrutfvCEemPd5ZtCQMxVQ", "_ONruvvvCEemPd5ZtCQMxVQ"], ["sequenceFlow", [[500, 270], [500, 310]], "_ONrunPvCEemPd5ZtCQMxVQ", "_ONrumvvCEemPd5ZtCQMxVQ", "_ONruovvCEemPd5ZtCQMxVQ"], ["sequenceFlow", [[500, 610], [500, 640]], "_ONrusfvCEemPd5ZtCQMxVQ", "_ONrusPvCEemPd5ZtCQMxVQ", "_ONrutfvCEemPd5ZtCQMxVQ"], ["sequenceFlow", [[500, 150], [500, 180]], "_ONrumPvCEemPd5ZtCQMxVQ", "_ONrul_vCEemPd5ZtCQMxVQ", "_ONrun_vCEemPd5ZtCQMxVQ"], ["sequenceFlow", [[500, 520], [500, 550]], "_ONrurvvCEemPd5ZtCQMxVQ", "_ONrurfvCEemPd5ZtCQMxVQ", "_ONrusPvCEemPd5ZtCQMxVQ"], ["sequenceFlow", [[575, 270], [640, 270]], "_ONruwvvCEemPd5ZtCQMxVQ", "_ONrunfvCEemPd5ZtCQMxVQ", "_ONruwfvCEemPd5ZtCQMxVQ"], ["sequenceFlow", [[500, 210], [500, 230]], "_ONrum_vCEemPd5ZtCQMxVQ", "_ONrun_vCEemPd5ZtCQMxVQ", "_ONrumvvCEemPd5ZtCQMxVQ"], ["sequenceFlow", [[500, 420], [500, 450]], "_ONrupvvCEemPd5ZtCQMxVQ", "_ONrupfvCEemPd5ZtCQMxVQ", "_ONrurfvCEemPd5ZtCQMxVQ"], ["sequenceFlow", [[640, 260], [600, 260], [600, 195], [560, 195]], "_ONruoPvCEemPd5ZtCQMxVQ", "_ONruwfvCEemPd5ZtCQMxVQ", "_ONrun_vCEemPd5ZtCQMxVQ"]], "jpeg": [720, 530], "shape_labels": [["userTask", [440, 450, 120, 70], "_ONrurfvCEemPd5ZtCQMxVQ"], ["userTask", [440, 110, 120, 40], "_ONrul_vCEemPd5ZtCQMxVQ"], ["endEvent_terminate", [300, 630, 35, 35], "_ONruufvCEemPd5ZtCQMxVQ"], ["userTask", [440, 180, 120, 30], "_ONrun_vCEemPd5ZtCQMxVQ"], ["endEvent", [670, 630, 35, 35], "_ONruvvvCEemPd5ZtCQMxVQ"], ["userTask", [640, 230, 90, 60], "_ONruwfvCEemPd5ZtCQMxVQ"], ["callActivity", [440, 230, 120, 40], "_ONrumvvCEemPd5ZtCQMxVQ"], ["startEvent_signal", [480, 40, 35, 35], "_ONruk_vCEemPd5ZtCQMxVQ"], ["userTask", [440, 370, 120, 50], "_ONrupfvCEemPd5ZtCQMxVQ"], ["userTask", [440, 550, 120, 60], "_ONrusPvCEemPd5ZtCQMxVQ"], ["boundaryEvent_message", [545, 255, 26, 26], "_ONrunfvCEemPd5ZtCQMxVQ"], ["callActivity", [440, 640, 120, 60], "_ONrutfvCEemPd5ZtCQMxVQ"], ["transaction", [440, 310, 120, 40], "_ONruovvCEemPd5ZtCQMxVQ"]], "png": [672, 461], "association_labels": [], "id": "09543_00", "text_labels": [["Driver receives benefit", [274, 669, 88, 25], "_ONruufvCEemPd5ZtCQMxVQ"], ["Driver do not receive benefit", [644, 669, 88, 25], "_ONruvvvCEemPd5ZtCQMxVQ"], ["Start", [454, 79, 88, 14], "_ONruk_vCEemPd5ZtCQMxVQ"], ["Connection issue", [516, 291, 88, 14], "_ONrunfvCEemPd5ZtCQMxVQ"]], "y_min": 40, "project_id": "09543_00", "x_min": 274}