{"pool_labels": [["participant", [40, 280, 963, 142], "_NZBXf_vCEemPd5ZtCQMxVQ"], ["participant", [40, 80, 963, 142], "_NZBXfvvCEemPd5ZtCQMxVQ"]], "flow_labels": [["sequenceFlow", [[850, 147], [920, 147]], "_NZBXfPvCEemPd5ZtCQMxVQ", "_NZBXevvCEemPd5ZtCQMxVQ", "_NZBXe_vCEemPd5ZtCQMxVQ"], ["sequenceFlow", [[470, 150], [600, 150]], "_NZBXd_vCEemPd5ZtCQMxVQ", "_NZBXdvvCEemPd5ZtCQMxVQ", "_NZBXePvCEemPd5ZtCQMxVQ"], ["messageFlow", [[255, 180], [255, 320]], "_NZBXgfvCEemPd5ZtCQMxVQ", "_NZBXdPvCEemPd5ZtCQMxVQ", "_NZBXgvvCEemPd5ZtCQMxVQ"], ["sequenceFlow", [[135, 347], [210, 347]], "_NZBXjPvCEemPd5ZtCQMxVQ", "_NZBXi_vCEemPd5ZtCQMxVQ", "_NZBXgvvCEemPd5ZtCQMxVQ"], ["sequenceFlow", [[300, 350], [390, 350]], "_NZB-gPvCEemPd5ZtCQMxVQ", "_NZBXgvvCEemPd5ZtCQMxVQ", "_NZBXhPvCEemPd5ZtCQMxVQ"], ["sequenceFlow", [[145, 147], [210, 147]], "_NZBXc_vCEemPd5ZtCQMxVQ", "_NZBXcvvCEemPd5ZtCQMxVQ", "_NZBXdPvCEemPd5ZtCQMxVQ"], ["sequenceFlow", [[690, 150], [750, 150]], "_NZBXefvCEemPd5ZtCQMxVQ", "_NZBXePvCEemPd5ZtCQMxVQ", "_NZBXevvCEemPd5ZtCQMxVQ"], ["sequenceFlow", [[690, 350], [760, 350]], "_NZB-hPvCEemPd5ZtCQMxVQ", "_NZBXhvvCEemPd5ZtCQMxVQ", "_NZBXiPvCEemPd5ZtCQMxVQ"], ["messageFlow", [[430, 320], [430, 180]], "_NZBXg_vCEemPd5ZtCQMxVQ", "_NZBXhPvCEemPd5ZtCQMxVQ", "_NZBXdvvCEemPd5ZtCQMxVQ"], ["sequenceFlow", [[850, 347], [920, 347]], "_NZB-g_vCEemPd5ZtCQMxVQ", "_NZBXiPvCEemPd5ZtCQMxVQ", "_NZB-gvvCEemPd5ZtCQMxVQ"], ["messageFlow", [[645, 180], [645, 320]], "_NZBXhfvCEemPd5ZtCQMxVQ", "_NZBXePvCEemPd5ZtCQMxVQ", "_NZBXhvvCEemPd5ZtCQMxVQ"], ["sequenceFlow", [[300, 150], [380, 150]], "_NZBXdfvCEemPd5ZtCQMxVQ", "_NZBXdPvCEemPd5ZtCQMxVQ", "_NZBXdvvCEemPd5ZtCQMxVQ"], ["messageFlow", [[805, 320], [805, 180]], "_NZBXh_vCEemPd5ZtCQMxVQ", "_NZBXiPvCEemPd5ZtCQMxVQ", "_NZBXevvCEemPd5ZtCQMxVQ"], ["sequenceFlow", [[470, 350], [600, 350]], "_NZB-gfvCEemPd5ZtCQMxVQ", "_NZBXhPvCEemPd5ZtCQMxVQ", "_NZBXhvvCEemPd5ZtCQMxVQ"]], "jpeg": [440, 1023], "shape_labels": [["receiveTask", [380, 120, 90, 60], "_NZBXdvvCEemPd5ZtCQMxVQ"], ["endEvent", [920, 330, 35, 35], "_NZB-gvvCEemPd5ZtCQMxVQ"], ["group", [530, 60, 360, 380], "_NZBXifvCEemPd5ZtCQMxVQ"], ["receiveTask", [210, 320, 90, 60], "_NZBXgvvCEemPd5ZtCQMxVQ"], ["startEvent", [100, 330, 35, 35], "_NZBXi_vCEemPd5ZtCQMxVQ"], ["sendTask", [600, 120, 90, 60], "_NZBXePvCEemPd5ZtCQMxVQ"], ["startEvent", [110, 130, 35, 35], "_NZBXcvvCEemPd5ZtCQMxVQ"], ["receiveTask", [750, 120, 100, 60], "_NZBXevvCEemPd5ZtCQMxVQ"], ["sendTask", [760, 320, 90, 60], "_NZBXiPvCEemPd5ZtCQMxVQ"], ["sendTask", [210, 120, 90, 60], "_NZBXdPvCEemPd5ZtCQMxVQ"], ["endEvent", [920, 130, 35, 35], "_NZBXe_vCEemPd5ZtCQMxVQ"], ["receiveTask", [600, 320, 90, 60], "_NZBXhvvCEemPd5ZtCQMxVQ"], ["sendTask", [390, 320, 80, 60], "_NZBXhPvCEemPd5ZtCQMxVQ"]], "png": [392, 975], "association_labels": [], "id": "09456_00", "text_labels": [["Illness occurs", [84, 169, 88, 14], "_NZBXcvvCEemPd5ZtCQMxVQ"], ["I want to see doctor", [155, 242, 85, 25], "_NZBXgfvCEemPd5ZtCQMxVQ"], ["Go see doctor", [355, 242, 57, 25], "_NZBXg_vCEemPd5ZtCQMxVQ"], ["I need my medicine", [545, 242, 79, 25], "_NZBXhfvCEemPd5ZtCQMxVQ"], ["Here is your medicine", [695, 242, 92, 25], "_NZBXh_vCEemPd5ZtCQMxVQ"]], "y_min": 60, "project_id": "09456_00", "x_min": 40}