{"shape_labels": [["userTask", [200, 260, 90, 60], "_Rs3LTPvCEemPd5ZtCQMxVQ"], ["dataObjectReference", [550, 140, 30, 40], "_Rs3LS_vCEemPd5ZtCQMxVQ"], ["startEvent_conditional", [300, 20, 35, 35], "_Rs3LQfvCEemPd5ZtCQMxVQ"], ["scriptTask", [260, 140, 131, 45], "_Rs3LRfvCEemPd5ZtCQMxVQ"], ["userTask", [400, 270, 80, 50], "_Rs3LTfvCEemPd5ZtCQMxVQ"]], "flow_labels": [["sequenceFlow", [[317, 55], [317, 140]], "_Rs3LQvvCEemPd5ZtCQMxVQ", "_Rs3LQfvCEemPd5ZtCQMxVQ", "_Rs3LRfvCEemPd5ZtCQMxVQ"]], "x_min": 200, "png": [312, 405], "jpeg": [360, 475], "id": "09758_01", "association_labels": [["dataInputAssociation", [[550, 160], [391, 162]], "_Rs3LSvvCEemPd5ZtCQMxVQ", "_Rs3LS_vCEemPd5ZtCQMxVQ", "_Rs3LR_vCEemPd5ZtCQMxVQ"]], "text_labels": [["DataObject", [521, 184, 88, 14], "_Rs3LS_vCEemPd5ZtCQMxVQ"], ["Start", [274, 59, 88, 14], "_Rs3LQfvCEemPd5ZtCQMxVQ"]], "pool_labels": [], "y_min": 20, "project_id": "09758_01"}