{"pool_labels": [["participant", [40, 80, 963, 142], "_TII2bvvCEemPd5ZtCQMxVQ"], ["participant", [40, 280, 963, 142], "_TII2b_vCEemPd5ZtCQMxVQ"]], "flow_labels": [["sequenceFlow", [[850, 147], [920, 147]], "_TII2bPvCEemPd5ZtCQMxVQ", "_TII2avvCEemPd5ZtCQMxVQ", "_TII2a_vCEemPd5ZtCQMxVQ"], ["sequenceFlow", [[300, 150], [380, 150]], "_TII2ZfvCEemPd5ZtCQMxVQ", "_TII2ZPvCEemPd5ZtCQMxVQ", "_TII2ZvvCEemPd5ZtCQMxVQ"], ["sequenceFlow", [[300, 350], [390, 350]], "_TII2ffvCEemPd5ZtCQMxVQ", "_TII2cvvCEemPd5ZtCQMxVQ", "_TII2dPvCEemPd5ZtCQMxVQ"], ["messageFlow", [[805, 320], [805, 180]], "_TII2d_vCEemPd5ZtCQMxVQ", "_TII2ePvCEemPd5ZtCQMxVQ", "_TII2avvCEemPd5ZtCQMxVQ"], ["messageFlow", [[645, 180], [645, 320]], "_TII2dfvCEemPd5ZtCQMxVQ", "_TII2aPvCEemPd5ZtCQMxVQ", "_TII2dvvCEemPd5ZtCQMxVQ"], ["sequenceFlow", [[850, 347], [920, 347]], "_TII2gPvCEemPd5ZtCQMxVQ", "_TII2ePvCEemPd5ZtCQMxVQ", "_TII2f_vCEemPd5ZtCQMxVQ"], ["sequenceFlow", [[690, 350], [760, 350]], "_TII2gfvCEemPd5ZtCQMxVQ", "_TII2dvvCEemPd5ZtCQMxVQ", "_TII2ePvCEemPd5ZtCQMxVQ"], ["messageFlow", [[430, 320], [430, 180]], "_TII2c_vCEemPd5ZtCQMxVQ", "_TII2dPvCEemPd5ZtCQMxVQ", "_TII2ZvvCEemPd5ZtCQMxVQ"], ["messageFlow", [[255, 180], [255, 320]], "_TII2cfvCEemPd5ZtCQMxVQ", "_TII2ZPvCEemPd5ZtCQMxVQ", "_TII2cvvCEemPd5ZtCQMxVQ"], ["sequenceFlow", [[145, 147], [210, 147]], "_TII2Y_vCEemPd5ZtCQMxVQ", "_TII2YvvCEemPd5ZtCQMxVQ", "_TII2ZPvCEemPd5ZtCQMxVQ"], ["sequenceFlow", [[470, 350], [600, 350]], "_TII2fvvCEemPd5ZtCQMxVQ", "_TII2dPvCEemPd5ZtCQMxVQ", "_TII2dvvCEemPd5ZtCQMxVQ"], ["sequenceFlow", [[135, 347], [210, 347]], "_TII2fPvCEemPd5ZtCQMxVQ", "_TII2e_vCEemPd5ZtCQMxVQ", "_TII2cvvCEemPd5ZtCQMxVQ"], ["sequenceFlow", [[690, 150], [750, 150]], "_TII2afvCEemPd5ZtCQMxVQ", "_TII2aPvCEemPd5ZtCQMxVQ", "_TII2avvCEemPd5ZtCQMxVQ"], ["sequenceFlow", [[470, 150], [600, 150]], "_TII2Z_vCEemPd5ZtCQMxVQ", "_TII2ZvvCEemPd5ZtCQMxVQ", "_TII2aPvCEemPd5ZtCQMxVQ"]], "jpeg": [440, 1023], "shape_labels": [["receiveTask", [750, 120, 100, 60], "_TII2avvCEemPd5ZtCQMxVQ"], ["receiveTask", [600, 320, 90, 60], "_TII2dvvCEemPd5ZtCQMxVQ"], ["sendTask", [210, 120, 90, 60], "_TII2ZPvCEemPd5ZtCQMxVQ"], ["startEvent", [110, 130, 35, 35], "_TII2YvvCEemPd5ZtCQMxVQ"], ["group", [530, 60, 360, 380], "_TII2efvCEemPd5ZtCQMxVQ"], ["endEvent", [920, 330, 35, 35], "_TII2f_vCEemPd5ZtCQMxVQ"], ["sendTask", [390, 320, 80, 60], "_TII2dPvCEemPd5ZtCQMxVQ"], ["sendTask", [600, 120, 90, 60], "_TII2aPvCEemPd5ZtCQMxVQ"], ["receiveTask", [210, 320, 90, 60], "_TII2cvvCEemPd5ZtCQMxVQ"], ["sendTask", [760, 320, 90, 60], "_TII2ePvCEemPd5ZtCQMxVQ"], ["startEvent", [100, 330, 35, 35], "_TII2e_vCEemPd5ZtCQMxVQ"], ["receiveTask", [380, 120, 90, 60], "_TII2ZvvCEemPd5ZtCQMxVQ"], ["endEvent", [920, 130, 35, 35], "_TII2a_vCEemPd5ZtCQMxVQ"]], "png": [392, 975], "association_labels": [], "id": "09473_00", "text_labels": [["Illness occurs", [84, 169, 88, 14], "_TII2YvvCEemPd5ZtCQMxVQ"], ["Here is your medicine", [695, 242, 92, 25], "_TII2d_vCEemPd5ZtCQMxVQ"], ["I need my medicine", [545, 242, 79, 25], "_TII2dfvCEemPd5ZtCQMxVQ"], ["Go see doctor", [355, 242, 57, 25], "_TII2c_vCEemPd5ZtCQMxVQ"], ["I want to see doctor", [155, 242, 85, 25], "_TII2cfvCEemPd5ZtCQMxVQ"]], "y_min": 60, "project_id": "09473_00", "x_min": 40}