{"shape_labels": [["lane", [50, 30, 833, 272], "_OGQQ8PvCEemPd5ZtCQMxVQ"], ["startEvent_message", [440, 460, 35, 35], "_OGQQ7vvCEemPd5ZtCQMxVQ"], ["startEvent", [160, 150, 35, 35], "_OGQQ8fvCEemPd5ZtCQMxVQ"], ["sendTask", [390, 130, 90, 60], "_OGQQ7fvCEemPd5ZtCQMxVQ"], ["userTask", [540, 450, 90, 60], "_OGQQ9_vCEemPd5ZtCQMxVQ"], ["task", [250, 130, 90, 60], "_OGQQ8vvCEemPd5ZtCQMxVQ"], ["endEvent", [680, 460, 35, 35], "_OGQQ-PvCEemPd5ZtCQMxVQ"]], "flow_labels": [["sequenceFlow", [[475, 477], [540, 477]], "_OGQQ9fvCEemPd5ZtCQMxVQ", "_OGQQ7vvCEemPd5ZtCQMxVQ", "_OGQQ9_vCEemPd5ZtCQMxVQ"], ["sequenceFlow", [[195, 167], [250, 167]], "_OGQQ8_vCEemPd5ZtCQMxVQ", "_OGQQ8fvCEemPd5ZtCQMxVQ", "_OGQQ8vvCEemPd5ZtCQMxVQ"], ["sequenceFlow", [[340, 160], [390, 160]], "_OGQQ9PvCEemPd5ZtCQMxVQ", "_OGQQ8vvCEemPd5ZtCQMxVQ", "_OGQQ7fvCEemPd5ZtCQMxVQ"], ["messageFlow", [[457, 190], [457, 460]], "_OGQQ7PvCEemPd5ZtCQMxVQ", "_OGQQ7fvCEemPd5ZtCQMxVQ", "_OGQQ7vvCEemPd5ZtCQMxVQ"]], "x_min": 20, "png": [604, 875], "jpeg": [652, 923], "id": "09709_00", "association_labels": [], "text_labels": [["Start", [414, 499, 88, 14], "_OGQQ7vvCEemPd5ZtCQMxVQ"], ["Start", [134, 189, 88, 14], "_OGQQ8fvCEemPd5ZtCQMxVQ"], ["End", [654, 499, 88, 14], "_OGQQ-PvCEemPd5ZtCQMxVQ"]], "pool_labels": [["participant", [20, 320, 863, 302], "_OGQQ6vvCEemPd5ZtCQMxVQ"], ["participant", [20, 30, 863, 272], "_OGQQ6PvCEemPd5ZtCQMxVQ"]], "y_min": 30, "project_id": "09709_00"}