{"pool_labels": [["participant", [20, 420, 513, 94], "_Sw_h2vvCEemPd5ZtCQMxVQ"], ["participant", [20, 50, 513, 102], "_Sw_h1vvCEemPd5ZtCQMxVQ"], ["participant", [20, 180, 513, 212], "_Sw_h2PvCEemPd5ZtCQMxVQ"]], "flow_labels": [["sequenceFlow", [[280, 230], [320, 230]], "_Sw_isfvCEemPd5ZtCQMxVQ", "_Sw_isPvCEemPd5ZtCQMxVQ", "_Sw_iB_vCEemPd5ZtCQMxVQ"], ["messageFlow", [[355, 130], [355, 200]], "_Sw_iBfvCEemPd5ZtCQMxVQ", "_Sw_iBvvCEemPd5ZtCQMxVQ", "_Sw_iB_vCEemPd5ZtCQMxVQ"], ["messageFlow", [[105, 440], [105, 360]], "_Sw_h__vCEemPd5ZtCQMxVQ", "_Sw_iAPvCEemPd5ZtCQMxVQ", "_Sw_iAfvCEemPd5ZtCQMxVQ"], ["sequenceFlow", [[150, 330], [180, 330]], "_Sw_itfvCEemPd5ZtCQMxVQ", "_Sw_iAfvCEemPd5ZtCQMxVQ", "_Sw_itvvCEemPd5ZtCQMxVQ"], ["sequenceFlow", [[410, 227], [470, 227]], "_Sw_isvvCEemPd5ZtCQMxVQ", "_Sw_iB_vCEemPd5ZtCQMxVQ", "_Sw_is_vCEemPd5ZtCQMxVQ"], ["messageFlow", [[225, 130], [225, 165], [105, 165], [105, 200]], "_Sw_iAvvCEemPd5ZtCQMxVQ", "_Sw_iA_vCEemPd5ZtCQMxVQ", "_Sw_iBPvCEemPd5ZtCQMxVQ"], ["sequenceFlow", [[390, 97], [440, 97]], "_Sw_irfvCEemPd5ZtCQMxVQ", "_Sw_iBvvCEemPd5ZtCQMxVQ", "_Sw_irvvCEemPd5ZtCQMxVQ"], ["sequenceFlow", [[125, 87], [180, 87]], "_Sw_iq_vCEemPd5ZtCQMxVQ", "_Sw_iqvvCEemPd5ZtCQMxVQ", "_Sw_iA_vCEemPd5ZtCQMxVQ"], ["sequenceFlow", [[270, 100], [300, 100]], "_Sw_irPvCEemPd5ZtCQMxVQ", "_Sw_iA_vCEemPd5ZtCQMxVQ", "_Sw_iBvvCEemPd5ZtCQMxVQ"], ["sequenceFlow", [[150, 467], [190, 467]], "_Sw_iwPvCEemPd5ZtCQMxVQ", "_Sw_iAPvCEemPd5ZtCQMxVQ", "_Sw_ixvvCEemPd5ZtCQMxVQ"], ["sequenceFlow", [[270, 317], [420, 317]], "_Sw_it_vCEemPd5ZtCQMxVQ", "_Sw_itvvCEemPd5ZtCQMxVQ", "_Sw_ivvvCEemPd5ZtCQMxVQ"], ["sequenceFlow", [[150, 230], [190, 230]], "_Sw_ir_vCEemPd5ZtCQMxVQ", "_Sw_iBPvCEemPd5ZtCQMxVQ", "_Sw_isPvCEemPd5ZtCQMxVQ"]], "jpeg": [524, 578], "shape_labels": [["group", [60, 280, 450, 90], "_Sw_iFvvCEemPd5ZtCQMxVQ"], ["startEvent", [90, 70, 35, 35], "_Sw_iqvvCEemPd5ZtCQMxVQ"], ["callActivity", [60, 200, 90, 60], "_Sw_iBPvCEemPd5ZtCQMxVQ"], ["endEvent_terminate", [420, 300, 35, 35], "_Sw_ivvvCEemPd5ZtCQMxVQ"], ["callActivity", [60, 300, 90, 60], "_Sw_iAfvCEemPd5ZtCQMxVQ"], ["endEvent", [190, 450, 35, 35], "_Sw_ixvvCEemPd5ZtCQMxVQ"], ["endEvent", [440, 80, 35, 35], "_Sw_irvvCEemPd5ZtCQMxVQ"], ["callActivity", [320, 200, 90, 60], "_Sw_iB_vCEemPd5ZtCQMxVQ"], ["endEvent_terminate", [470, 210, 35, 35], "_Sw_is_vCEemPd5ZtCQMxVQ"], ["callActivity", [300, 70, 90, 60], "_Sw_iBvvCEemPd5ZtCQMxVQ"], ["callActivity", [190, 200, 90, 60], "_Sw_isPvCEemPd5ZtCQMxVQ"], ["userTask", [180, 70, 90, 60], "_Sw_iA_vCEemPd5ZtCQMxVQ"], ["callActivity", [180, 300, 90, 60], "_Sw_itvvCEemPd5ZtCQMxVQ"], ["group", [60, 190, 460, 80], "_Sw_iFPvCEemPd5ZtCQMxVQ"], ["dataObjectReference", [330, 310, 30, 40], "_Sw_ivfvCEemPd5ZtCQMxVQ"], ["userTask", [60, 440, 90, 60], "_Sw_iAPvCEemPd5ZtCQMxVQ"]], "png": [476, 525], "association_labels": [["dataOutputAssociation", [[150, 443], [330, 338]], "_Sw_ixfvCEemPd5ZtCQMxVQ", "_Sw_iwvvCEemPd5ZtCQMxVQ", "_Sw_ivfvCEemPd5ZtCQMxVQ"], ["dataOutputAssociation", [[270, 330], [330, 330]], "_Sw_ivPvCEemPd5ZtCQMxVQ", "_Sw_iufvCEemPd5ZtCQMxVQ", "_Sw_ivfvCEemPd5ZtCQMxVQ"]], "id": "09652_02", "text_labels": [["Besoin de d\u00e9clarer les causes", [64, 109, 88, 36], "_Sw_iqvvCEemPd5ZtCQMxVQ"], ["graphes", [301, 354, 88, 14], "_Sw_ivfvCEemPd5ZtCQMxVQ"]], "y_min": 50, "project_id": "09652_02", "x_min": 20}