{"shape_labels": [["sendTask", [390, 320, 80, 60], "_RCGXBPvCEemPd5ZtCQMxVQ"], ["startEvent", [100, 330, 35, 35], "_RCGXC_vCEemPd5ZtCQMxVQ"], ["sendTask", [600, 120, 90, 60], "_RCGW-PvCEemPd5ZtCQMxVQ"], ["endEvent", [920, 130, 35, 35], "_RCGW-_vCEemPd5ZtCQMxVQ"], ["receiveTask", [750, 120, 100, 60], "_RCGW-vvCEemPd5ZtCQMxVQ"], ["receiveTask", [380, 120, 90, 60], "_RCGW9vvCEemPd5ZtCQMxVQ"], ["startEvent", [110, 130, 35, 35], "_RCGW8vvCEemPd5ZtCQMxVQ"], ["sendTask", [760, 320, 90, 60], "_RCGXCPvCEemPd5ZtCQMxVQ"], ["sendTask", [210, 120, 90, 60], "_RCGW9PvCEemPd5ZtCQMxVQ"], ["group", [530, 60, 360, 380], "_RCGXCfvCEemPd5ZtCQMxVQ"], ["endEvent", [920, 330, 35, 35], "_RCGXD_vCEemPd5ZtCQMxVQ"], ["receiveTask", [600, 320, 90, 60], "_RCGXBvvCEemPd5ZtCQMxVQ"], ["receiveTask", [210, 320, 90, 60], "_RCGXAvvCEemPd5ZtCQMxVQ"]], "flow_labels": [["sequenceFlow", [[145, 147], [210, 147]], "_RCGW8_vCEemPd5ZtCQMxVQ", "_RCGW8vvCEemPd5ZtCQMxVQ", "_RCGW9PvCEemPd5ZtCQMxVQ"], ["messageFlow", [[805, 320], [805, 180]], "_RCGXB_vCEemPd5ZtCQMxVQ", "_RCGXCPvCEemPd5ZtCQMxVQ", "_RCGW-vvCEemPd5ZtCQMxVQ"], ["sequenceFlow", [[690, 150], [750, 150]], "_RCGW-fvCEemPd5ZtCQMxVQ", "_RCGW-PvCEemPd5ZtCQMxVQ", "_RCGW-vvCEemPd5ZtCQMxVQ"], ["sequenceFlow", [[850, 347], [920, 347]], "_RCGXEPvCEemPd5ZtCQMxVQ", "_RCGXCPvCEemPd5ZtCQMxVQ", "_RCGXD_vCEemPd5ZtCQMxVQ"], ["sequenceFlow", [[470, 150], [600, 150]], "_RCGW9_vCEemPd5ZtCQMxVQ", "_RCGW9vvCEemPd5ZtCQMxVQ", "_RCGW-PvCEemPd5ZtCQMxVQ"], ["messageFlow", [[645, 180], [645, 320]], "_RCGXBfvCEemPd5ZtCQMxVQ", "_RCGW-PvCEemPd5ZtCQMxVQ", "_RCGXBvvCEemPd5ZtCQMxVQ"], ["sequenceFlow", [[300, 150], [380, 150]], "_RCGW9fvCEemPd5ZtCQMxVQ", "_RCGW9PvCEemPd5ZtCQMxVQ", "_RCGW9vvCEemPd5ZtCQMxVQ"], ["sequenceFlow", [[470, 350], [600, 350]], "_RCGXDvvCEemPd5ZtCQMxVQ", "_RCGXBPvCEemPd5ZtCQMxVQ", "_RCGXBvvCEemPd5ZtCQMxVQ"], ["sequenceFlow", [[690, 350], [760, 350]], "_RCGXEfvCEemPd5ZtCQMxVQ", "_RCGXBvvCEemPd5ZtCQMxVQ", "_RCGXCPvCEemPd5ZtCQMxVQ"], ["sequenceFlow", [[300, 350], [390, 350]], "_RCGXDfvCEemPd5ZtCQMxVQ", "_RCGXAvvCEemPd5ZtCQMxVQ", "_RCGXBPvCEemPd5ZtCQMxVQ"], ["sequenceFlow", [[135, 347], [210, 347]], "_RCGXDPvCEemPd5ZtCQMxVQ", "_RCGXC_vCEemPd5ZtCQMxVQ", "_RCGXAvvCEemPd5ZtCQMxVQ"], ["messageFlow", [[430, 320], [430, 180]], "_RCGXA_vCEemPd5ZtCQMxVQ", "_RCGXBPvCEemPd5ZtCQMxVQ", "_RCGW9vvCEemPd5ZtCQMxVQ"], ["messageFlow", [[255, 180], [255, 320]], "_RCGXAfvCEemPd5ZtCQMxVQ", "_RCGW9PvCEemPd5ZtCQMxVQ", "_RCGXAvvCEemPd5ZtCQMxVQ"], ["sequenceFlow", [[850, 147], [920, 147]], "_RCGW_PvCEemPd5ZtCQMxVQ", "_RCGW-vvCEemPd5ZtCQMxVQ", "_RCGW-_vCEemPd5ZtCQMxVQ"]], "x_min": 40, "png": [392, 975], "jpeg": [440, 1023], "id": "09426_00", "association_labels": [], "text_labels": [["Illness occurs", [84, 169, 88, 14], "_RCGW8vvCEemPd5ZtCQMxVQ"], ["Here is your medicine", [695, 242, 92, 25], "_RCGXB_vCEemPd5ZtCQMxVQ"], ["I need my medicine", [545, 242, 79, 25], "_RCGXBfvCEemPd5ZtCQMxVQ"], ["Go see doctor", [355, 242, 57, 25], "_RCGXA_vCEemPd5ZtCQMxVQ"], ["I want to see doctor", [155, 242, 85, 25], "_RCGXAfvCEemPd5ZtCQMxVQ"]], "pool_labels": [["participant", [40, 80, 963, 142], "_RCGW_vvCEemPd5ZtCQMxVQ"], ["participant", [40, 280, 963, 142], "_RCGW__vCEemPd5ZtCQMxVQ"]], "y_min": 60, "project_id": "09426_00"}