{"shape_labels": [["sendTask", [390, 320, 80, 60], "_HSk9tPvCEemPd5ZtCQMxVQ"], ["receiveTask", [210, 320, 90, 60], "_HSk9svvCEemPd5ZtCQMxVQ"], ["sendTask", [600, 120, 90, 60], "_HSk9qPvCEemPd5ZtCQMxVQ"], ["startEvent", [100, 330, 35, 35], "_HSk9u_vCEemPd5ZtCQMxVQ"], ["sendTask", [210, 120, 90, 60], "_HSk9pPvCEemPd5ZtCQMxVQ"], ["sendTask", [760, 320, 90, 60], "_HSk9uPvCEemPd5ZtCQMxVQ"], ["receiveTask", [380, 120, 90, 60], "_HSk9pvvCEemPd5ZtCQMxVQ"], ["receiveTask", [600, 320, 90, 60], "_HSk9tvvCEemPd5ZtCQMxVQ"], ["startEvent", [110, 130, 35, 35], "_HSk9ovvCEemPd5ZtCQMxVQ"], ["receiveTask", [750, 120, 100, 60], "_HSk9qvvCEemPd5ZtCQMxVQ"], ["group", [530, 60, 360, 380], "_HSk9ufvCEemPd5ZtCQMxVQ"], ["endEvent", [920, 130, 35, 35], "_HSk9q_vCEemPd5ZtCQMxVQ"], ["endEvent", [920, 330, 35, 35], "_HSk9v_vCEemPd5ZtCQMxVQ"]], "flow_labels": [["sequenceFlow", [[470, 350], [600, 350]], "_HSk9vvvCEemPd5ZtCQMxVQ", "_HSk9tPvCEemPd5ZtCQMxVQ", "_HSk9tvvCEemPd5ZtCQMxVQ"], ["messageFlow", [[430, 320], [430, 180]], "_HSk9s_vCEemPd5ZtCQMxVQ", "_HSk9tPvCEemPd5ZtCQMxVQ", "_HSk9pvvCEemPd5ZtCQMxVQ"], ["messageFlow", [[645, 180], [645, 320]], "_HSk9tfvCEemPd5ZtCQMxVQ", "_HSk9qPvCEemPd5ZtCQMxVQ", "_HSk9tvvCEemPd5ZtCQMxVQ"], ["messageFlow", [[805, 320], [805, 180]], "_HSk9t_vCEemPd5ZtCQMxVQ", "_HSk9uPvCEemPd5ZtCQMxVQ", "_HSk9qvvCEemPd5ZtCQMxVQ"], ["sequenceFlow", [[850, 147], [920, 147]], "_HSk9rPvCEemPd5ZtCQMxVQ", "_HSk9qvvCEemPd5ZtCQMxVQ", "_HSk9q_vCEemPd5ZtCQMxVQ"], ["sequenceFlow", [[470, 150], [600, 150]], "_HSk9p_vCEemPd5ZtCQMxVQ", "_HSk9pvvCEemPd5ZtCQMxVQ", "_HSk9qPvCEemPd5ZtCQMxVQ"], ["sequenceFlow", [[145, 147], [210, 147]], "_HSk9o_vCEemPd5ZtCQMxVQ", "_HSk9ovvCEemPd5ZtCQMxVQ", "_HSk9pPvCEemPd5ZtCQMxVQ"], ["sequenceFlow", [[690, 150], [750, 150]], "_HSk9qfvCEemPd5ZtCQMxVQ", "_HSk9qPvCEemPd5ZtCQMxVQ", "_HSk9qvvCEemPd5ZtCQMxVQ"], ["sequenceFlow", [[300, 150], [380, 150]], "_HSk9pfvCEemPd5ZtCQMxVQ", "_HSk9pPvCEemPd5ZtCQMxVQ", "_HSk9pvvCEemPd5ZtCQMxVQ"], ["sequenceFlow", [[690, 350], [760, 350]], "_HSk9wfvCEemPd5ZtCQMxVQ", "_HSk9tvvCEemPd5ZtCQMxVQ", "_HSk9uPvCEemPd5ZtCQMxVQ"], ["sequenceFlow", [[300, 350], [390, 350]], "_HSk9vfvCEemPd5ZtCQMxVQ", "_HSk9svvCEemPd5ZtCQMxVQ", "_HSk9tPvCEemPd5ZtCQMxVQ"], ["messageFlow", [[255, 180], [255, 320]], "_HSk9sfvCEemPd5ZtCQMxVQ", "_HSk9pPvCEemPd5ZtCQMxVQ", "_HSk9svvCEemPd5ZtCQMxVQ"], ["sequenceFlow", [[850, 347], [920, 347]], "_HSk9wPvCEemPd5ZtCQMxVQ", "_HSk9uPvCEemPd5ZtCQMxVQ", "_HSk9v_vCEemPd5ZtCQMxVQ"], ["sequenceFlow", [[135, 347], [210, 347]], "_HSk9vPvCEemPd5ZtCQMxVQ", "_HSk9u_vCEemPd5ZtCQMxVQ", "_HSk9svvCEemPd5ZtCQMxVQ"]], "x_min": 40, "png": [392, 975], "jpeg": [440, 1023], "id": "09562_00", "association_labels": [], "text_labels": [["Illness occurs", [84, 169, 88, 14], "_HSk9ovvCEemPd5ZtCQMxVQ"], ["Go see doctor", [355, 242, 57, 25], "_HSk9s_vCEemPd5ZtCQMxVQ"], ["I need my medicine", [545, 242, 79, 25], "_HSk9tfvCEemPd5ZtCQMxVQ"], ["Here is your medicine", [695, 242, 92, 25], "_HSk9t_vCEemPd5ZtCQMxVQ"], ["I want to see doctor", [155, 242, 85, 25], "_HSk9sfvCEemPd5ZtCQMxVQ"]], "pool_labels": [["participant", [40, 280, 963, 142], "_HSk9r_vCEemPd5ZtCQMxVQ"], ["participant", [40, 80, 963, 142], "_HSk9rvvCEemPd5ZtCQMxVQ"]], "y_min": 60, "project_id": "09562_00"}