{"shape_labels": [["receiveTask", [380, 120, 90, 60], "_GY1SNvvCEemPd5ZtCQMxVQ"], ["group", [530, 60, 360, 380], "_GY1SSfvCEemPd5ZtCQMxVQ"], ["endEvent", [920, 330, 35, 35], "_GY1ST_vCEemPd5ZtCQMxVQ"], ["sendTask", [760, 320, 90, 60], "_GY1SSPvCEemPd5ZtCQMxVQ"], ["sendTask", [210, 120, 90, 60], "_GY1SNPvCEemPd5ZtCQMxVQ"], ["sendTask", [600, 120, 90, 60], "_GY1SOPvCEemPd5ZtCQMxVQ"], ["startEvent", [110, 130, 35, 35], "_GY1SMvvCEemPd5ZtCQMxVQ"], ["receiveTask", [210, 320, 90, 60], "_GY1SQvvCEemPd5ZtCQMxVQ"], ["sendTask", [390, 320, 80, 60], "_GY1SRPvCEemPd5ZtCQMxVQ"], ["receiveTask", [750, 120, 100, 60], "_GY1SOvvCEemPd5ZtCQMxVQ"], ["startEvent", [100, 330, 35, 35], "_GY1SS_vCEemPd5ZtCQMxVQ"], ["receiveTask", [600, 320, 90, 60], "_GY1SRvvCEemPd5ZtCQMxVQ"], ["endEvent", [920, 130, 35, 35], "_GY1SO_vCEemPd5ZtCQMxVQ"]], "flow_labels": [["messageFlow", [[255, 180], [255, 320]], "_GY1SQfvCEemPd5ZtCQMxVQ", "_GY1SNPvCEemPd5ZtCQMxVQ", "_GY1SQvvCEemPd5ZtCQMxVQ"], ["messageFlow", [[430, 320], [430, 180]], "_GY1SQ_vCEemPd5ZtCQMxVQ", "_GY1SRPvCEemPd5ZtCQMxVQ", "_GY1SNvvCEemPd5ZtCQMxVQ"], ["sequenceFlow", [[690, 350], [760, 350]], "_GY1SUfvCEemPd5ZtCQMxVQ", "_GY1SRvvCEemPd5ZtCQMxVQ", "_GY1SSPvCEemPd5ZtCQMxVQ"], ["sequenceFlow", [[470, 150], [600, 150]], "_GY1SN_vCEemPd5ZtCQMxVQ", "_GY1SNvvCEemPd5ZtCQMxVQ", "_GY1SOPvCEemPd5ZtCQMxVQ"], ["sequenceFlow", [[300, 350], [390, 350]], "_GY1STfvCEemPd5ZtCQMxVQ", "_GY1SQvvCEemPd5ZtCQMxVQ", "_GY1SRPvCEemPd5ZtCQMxVQ"], ["sequenceFlow", [[300, 150], [380, 150]], "_GY1SNfvCEemPd5ZtCQMxVQ", "_GY1SNPvCEemPd5ZtCQMxVQ", "_GY1SNvvCEemPd5ZtCQMxVQ"], ["sequenceFlow", [[145, 147], [210, 147]], "_GY1SM_vCEemPd5ZtCQMxVQ", "_GY1SMvvCEemPd5ZtCQMxVQ", "_GY1SNPvCEemPd5ZtCQMxVQ"], ["sequenceFlow", [[470, 350], [600, 350]], "_GY1STvvCEemPd5ZtCQMxVQ", "_GY1SRPvCEemPd5ZtCQMxVQ", "_GY1SRvvCEemPd5ZtCQMxVQ"], ["messageFlow", [[805, 320], [805, 180]], "_GY1SR_vCEemPd5ZtCQMxVQ", "_GY1SSPvCEemPd5ZtCQMxVQ", "_GY1SOvvCEemPd5ZtCQMxVQ"], ["messageFlow", [[645, 180], [645, 320]], "_GY1SRfvCEemPd5ZtCQMxVQ", "_GY1SOPvCEemPd5ZtCQMxVQ", "_GY1SRvvCEemPd5ZtCQMxVQ"], ["sequenceFlow", [[690, 150], [750, 150]], "_GY1SOfvCEemPd5ZtCQMxVQ", "_GY1SOPvCEemPd5ZtCQMxVQ", "_GY1SOvvCEemPd5ZtCQMxVQ"], ["sequenceFlow", [[135, 347], [210, 347]], "_GY1STPvCEemPd5ZtCQMxVQ", "_GY1SS_vCEemPd5ZtCQMxVQ", "_GY1SQvvCEemPd5ZtCQMxVQ"], ["sequenceFlow", [[850, 347], [920, 347]], "_GY1SUPvCEemPd5ZtCQMxVQ", "_GY1SSPvCEemPd5ZtCQMxVQ", "_GY1ST_vCEemPd5ZtCQMxVQ"], ["sequenceFlow", [[850, 147], [920, 147]], "_GY1SPPvCEemPd5ZtCQMxVQ", "_GY1SOvvCEemPd5ZtCQMxVQ", "_GY1SO_vCEemPd5ZtCQMxVQ"]], "x_min": 40, "png": [392, 975], "jpeg": [440, 1023], "id": "09600_00", "association_labels": [], "text_labels": [["Illness occurs", [84, 169, 88, 14], "_GY1SMvvCEemPd5ZtCQMxVQ"], ["I want to see doctor", [155, 242, 85, 25], "_GY1SQfvCEemPd5ZtCQMxVQ"], ["Go see doctor", [355, 242, 57, 25], "_GY1SQ_vCEemPd5ZtCQMxVQ"], ["Here is your medicine", [695, 242, 92, 25], "_GY1SR_vCEemPd5ZtCQMxVQ"], ["I need my medicine", [545, 242, 79, 25], "_GY1SRfvCEemPd5ZtCQMxVQ"]], "pool_labels": [["participant", [40, 280, 963, 142], "_GY1SP_vCEemPd5ZtCQMxVQ"], ["participant", [40, 80, 963, 142], "_GY1SPvvCEemPd5ZtCQMxVQ"]], "y_min": 60, "project_id": "09600_00"}