{"shape_labels": [["startEvent", [80, 130, 35, 35], "_GF69VfvCEemPd5ZtCQMxVQ"], ["intermediateCatchEvent_message", [160, 650, 35, 35], "_GF69RfvCEemPd5ZtCQMxVQ"], ["lane", [60, 570, 803, 212], "_GF69RPvCEemPd5ZtCQMxVQ"], ["lane", [60, 370, 803, 200], "_GF69QvvCEemPd5ZtCQMxVQ"], ["textAnnotation", [270, 420, 100, 40], "_GF69VPvCEemPd5ZtCQMxVQ"], ["exclusiveGateway", [350, 650, 40, 40], "_GF69R_vCEemPd5ZtCQMxVQ"], ["task", [410, 720, 60, 40], "_GF69SPvCEemPd5ZtCQMxVQ"], ["task", [410, 460, 60, 40], "_GF69Q_vCEemPd5ZtCQMxVQ"], ["task", [130, 120, 90, 60], "_GF69U_vCEemPd5ZtCQMxVQ"], ["task", [230, 640, 90, 60], "_GF69RvvCEemPd5ZtCQMxVQ"]], "flow_labels": [["sequenceFlow", [[370, 690], [370, 740], [410, 740]], "_GF69TfvCEemPd5ZtCQMxVQ", "_GF69R_vCEemPd5ZtCQMxVQ", "_GF69SPvCEemPd5ZtCQMxVQ"], ["sequenceFlow", [[195, 667], [230, 667]], "_GF69SfvCEemPd5ZtCQMxVQ", "_GF69RfvCEemPd5ZtCQMxVQ", "_GF69RvvCEemPd5ZtCQMxVQ"], ["messageFlow", [[177, 180], [177, 650]], "_GF69UvvCEemPd5ZtCQMxVQ", "_GF69U_vCEemPd5ZtCQMxVQ", "_GF69RfvCEemPd5ZtCQMxVQ"], ["sequenceFlow", [[320, 670], [350, 670]], "_GF69S_vCEemPd5ZtCQMxVQ", "_GF69RvvCEemPd5ZtCQMxVQ", "_GF69R_vCEemPd5ZtCQMxVQ"], ["sequenceFlow", [[115, 147], [130, 147]], "_GF69VvvCEemPd5ZtCQMxVQ", "_GF69VfvCEemPd5ZtCQMxVQ", "_GF69U_vCEemPd5ZtCQMxVQ"], ["sequenceFlow", [[370, 650], [370, 480], [410, 480]], "_GF69TPvCEemPd5ZtCQMxVQ", "_GF69R_vCEemPd5ZtCQMxVQ", "_GF69Q_vCEemPd5ZtCQMxVQ"]], "x_min": 30, "png": [794, 845], "jpeg": [842, 893], "id": "09681_00", "association_labels": [], "text_labels": [["Start", [54, 169, 88, 14], "_GF69VfvCEemPd5ZtCQMxVQ"], ["Avviso Pagamento effettuato", [134, 689, 88, 36], "_GF69RfvCEemPd5ZtCQMxVQ"]], "pool_labels": [["participant", [30, 370, 833, 412], "_GF69T_vCEemPd5ZtCQMxVQ"], ["participant", [30, 0, 833, 302], "_GF69UPvCEemPd5ZtCQMxVQ"]], "y_min": 0, "project_id": "09681_00"}