{"pool_labels": [["participant", [40, 80, 1333, 292], "_IYMh4vvCEemPd5ZtCQMxVQ"], ["participant", [40, 530, 1333, 448], "_IYMh5PvCEemPd5ZtCQMxVQ"]], "flow_labels": [["sequenceFlow", [[1240, 167], [1290, 167]], "_IYMiC_vCEemPd5ZtCQMxVQ", "_IYMiCvvCEemPd5ZtCQMxVQ", "_IYMiDPvCEemPd5ZtCQMxVQ"], ["messageFlow", [[733, 300], [733, 441], [468, 441], [468, 580]], "_IYMh6fvCEemPd5ZtCQMxVQ", "_IYMh6vvCEemPd5ZtCQMxVQ", "_IYMh6_vCEemPd5ZtCQMxVQ"], ["sequenceFlow", [[610, 620], [610, 690], [390, 690], [390, 600], [450, 598]], "_IYMiGPvCEemPd5ZtCQMxVQ", "_IYMh7fvCEemPd5ZtCQMxVQ", "_IYMh6_vCEemPd5ZtCQMxVQ"], ["sequenceFlow", [[1110, 915], [1170, 915]], "_IYMiHfvCEemPd5ZtCQMxVQ", "_IYMh8_vCEemPd5ZtCQMxVQ", "_IYMiE_vCEemPd5ZtCQMxVQ"], ["sequenceFlow", [[485, 597], [560, 597]], "_IYMiGfvCEemPd5ZtCQMxVQ", "_IYMh6_vCEemPd5ZtCQMxVQ", "_IYMh7fvCEemPd5ZtCQMxVQ"], ["sequenceFlow", [[615, 267], [680, 267]], "_IYMiBfvCEemPd5ZtCQMxVQ", "_IYMiBPvCEemPd5ZtCQMxVQ", "_IYMh6vvCEemPd5ZtCQMxVQ"], ["messageFlow", [[1076, 890], [1076, 200]], "_IYMh9PvCEemPd5ZtCQMxVQ", "_IYMh8_vCEemPd5ZtCQMxVQ", "_IYMh8vvCEemPd5ZtCQMxVQ"], ["messageFlow", [[1025, 200], [1025, 890]], "_IYMh8fvCEemPd5ZtCQMxVQ", "_IYMh8vvCEemPd5ZtCQMxVQ", "_IYMh8_vCEemPd5ZtCQMxVQ"], ["sequenceFlow", [[280, 170], [330, 170]], "_IYMh-PvCEemPd5ZtCQMxVQ", "_IYMh9_vCEemPd5ZtCQMxVQ", "_IYMh5_vCEemPd5ZtCQMxVQ"], ["sequenceFlow", [[590, 780], [700, 780], [700, 920], [810, 920]], "_IYMiG_vCEemPd5ZtCQMxVQ", "_IYMiEfvCEemPd5ZtCQMxVQ", "_IYMh7_vCEemPd5ZtCQMxVQ"], ["messageFlow", [[887, 890], [887, 185]], "_IYMh7vvCEemPd5ZtCQMxVQ", "_IYMh7_vCEemPd5ZtCQMxVQ", "_IYMh8PvCEemPd5ZtCQMxVQ"], ["sequenceFlow", [[420, 170], [490, 170]], "_IYMh-fvCEemPd5ZtCQMxVQ", "_IYMh5_vCEemPd5ZtCQMxVQ", "_IYMiAPvCEemPd5ZtCQMxVQ"], ["sequenceFlow", [[300, 620], [300, 777], [500, 777]], "_IYMiFvvCEemPd5ZtCQMxVQ", "_IYMiD_vCEemPd5ZtCQMxVQ", "_IYMiEfvCEemPd5ZtCQMxVQ"], ["sequenceFlow", [[905, 167], [1010, 167]], "_IYMiB_vCEemPd5ZtCQMxVQ", "_IYMh8PvCEemPd5ZtCQMxVQ", "_IYMh8vvCEemPd5ZtCQMxVQ"], ["sequenceFlow", [[530, 167], [870, 167]], "_IYMiAvvCEemPd5ZtCQMxVQ", "_IYMiAPvCEemPd5ZtCQMxVQ", "_IYMh8PvCEemPd5ZtCQMxVQ"], ["sequenceFlow", [[530, 170], [547, 170], [547, 272], [580, 272]], "_IYMiA_vCEemPd5ZtCQMxVQ", "_IYMiAPvCEemPd5ZtCQMxVQ", "_IYMiBPvCEemPd5ZtCQMxVQ"], ["sequenceFlow", [[185, 596], [280, 596]], "_IYMiFPvCEemPd5ZtCQMxVQ", "_IYMh6PvCEemPd5ZtCQMxVQ", "_IYMiD_vCEemPd5ZtCQMxVQ"], ["sequenceFlow", [[320, 597], [450, 597]], "_IYMiF_vCEemPd5ZtCQMxVQ", "_IYMiD_vCEemPd5ZtCQMxVQ", "_IYMh6_vCEemPd5ZtCQMxVQ"], ["messageFlow", [[375, 200], [375, 355], [169, 355], [169, 578]], "_IYMh5vvCEemPd5ZtCQMxVQ", "_IYMh5_vCEemPd5ZtCQMxVQ", "_IYMh6PvCEemPd5ZtCQMxVQ"], ["sequenceFlow", [[1100, 170], [1150, 170]], "_IYMiCfvCEemPd5ZtCQMxVQ", "_IYMh8vvCEemPd5ZtCQMxVQ", "_IYMiCvvCEemPd5ZtCQMxVQ"], ["sequenceFlow", [[135, 167], [190, 167]], "_IYMh9vvCEemPd5ZtCQMxVQ", "_IYMh9fvCEemPd5ZtCQMxVQ", "_IYMh9_vCEemPd5ZtCQMxVQ"], ["messageFlow", [[610, 570], [610, 475], [768, 475], [768, 300]], "_IYMh7PvCEemPd5ZtCQMxVQ", "_IYMh7fvCEemPd5ZtCQMxVQ", "_IYMh6vvCEemPd5ZtCQMxVQ"], ["sequenceFlow", [[920, 920], [1000, 920]], "_IYMiHPvCEemPd5ZtCQMxVQ", "_IYMh7_vCEemPd5ZtCQMxVQ", "_IYMh8_vCEemPd5ZtCQMxVQ"], ["sequenceFlow", [[710, 300], [710, 338], [510, 338], [510, 190]], "_IYMiAfvCEemPd5ZtCQMxVQ", "_IYMh6vvCEemPd5ZtCQMxVQ", "_IYMiAPvCEemPd5ZtCQMxVQ"]], "jpeg": [958, 1393], "shape_labels": [["task", [1000, 890, 110, 60], "_IYMh8_vCEemPd5ZtCQMxVQ"], ["task", [560, 570, 100, 50], "_IYMh7fvCEemPd5ZtCQMxVQ"], ["lane", [70, 848, 1303, 130], "_IYMiEvvCEemPd5ZtCQMxVQ"], ["endEvent_terminate", [1170, 898, 35, 35], "_IYMiE_vCEemPd5ZtCQMxVQ"], ["task", [500, 750, 90, 60], "_IYMiEfvCEemPd5ZtCQMxVQ"], ["lane", [70, 530, 1303, 190], "_IYMiDvvCEemPd5ZtCQMxVQ"], ["lane", [70, 720, 1303, 128], "_IYMiEPvCEemPd5ZtCQMxVQ"], ["endEvent", [1290, 150, 35, 35], "_IYMiDPvCEemPd5ZtCQMxVQ"], ["task", [810, 890, 110, 60], "_IYMh7_vCEemPd5ZtCQMxVQ"], ["task", [1150, 140, 90, 60], "_IYMiCvvCEemPd5ZtCQMxVQ"], ["intermediateThrowEvent_message", [870, 150, 35, 35], "_IYMh8PvCEemPd5ZtCQMxVQ"], ["startEvent", [100, 150, 35, 35], "_IYMh9fvCEemPd5ZtCQMxVQ"], ["intermediateCatchEvent_message", [450, 580, 35, 35], "_IYMh6_vCEemPd5ZtCQMxVQ"], ["intermediateCatchEvent_timer", [580, 250, 35, 35], "_IYMiBPvCEemPd5ZtCQMxVQ"], ["parallelGateway", [280, 580, 40, 40], "_IYMiD_vCEemPd5ZtCQMxVQ"], ["task", [1010, 140, 90, 60], "_IYMh8vvCEemPd5ZtCQMxVQ"], ["task", [190, 140, 90, 60], "_IYMh9_vCEemPd5ZtCQMxVQ"], ["task", [680, 240, 120, 60], "_IYMh6vvCEemPd5ZtCQMxVQ"], ["dataStoreReference", [420, 240, 40, 45], "_IYMh__vCEemPd5ZtCQMxVQ"], ["startEvent_message", [150, 578, 35, 35], "_IYMh6PvCEemPd5ZtCQMxVQ"], ["task", [330, 140, 90, 60], "_IYMh5_vCEemPd5ZtCQMxVQ"], ["eventBasedGateway", [490, 150, 40, 40], "_IYMiAPvCEemPd5ZtCQMxVQ"]], "png": [910, 1345], "association_labels": [["dataOutputAssociation", [[395, 200], [423, 240]], "_IYMh_vvCEemPd5ZtCQMxVQ", "_IYMh-_vCEemPd5ZtCQMxVQ", "_IYMh__vCEemPd5ZtCQMxVQ"]], "id": "09689_00", "text_labels": [["End", [1144, 937, 88, 14], "_IYMiE_vCEemPd5ZtCQMxVQ"], ["Hunger satisfied", [1264, 189, 88, 14], "_IYMiDPvCEemPd5ZtCQMxVQ"], ["pizza received", [844, 189, 88, 14], "_IYMh8PvCEemPd5ZtCQMxVQ"], ["Hungry for pizza", [74, 189, 88, 14], "_IYMh9fvCEemPd5ZtCQMxVQ"], ["Where is my pizza?", [424, 619, 88, 25], "_IYMh6_vCEemPd5ZtCQMxVQ"], ["60 minutes", [554, 289, 88, 14], "_IYMiBPvCEemPd5ZtCQMxVQ"], ["Database", [396, 289, 88, 14], "_IYMh__vCEemPd5ZtCQMxVQ"], ["Order received", [124, 617, 88, 14], "_IYMh6PvCEemPd5ZtCQMxVQ"], ["receipt", [1091, 537, 21, 14], "_IYMh9PvCEemPd5ZtCQMxVQ"], ["money", [985, 537, 20, 14], "_IYMh8fvCEemPd5ZtCQMxVQ"], ["pizza order", [270, 337, 43, 25], "_IYMh5vvCEemPd5ZtCQMxVQ"]], "y_min": 80, "project_id": "09689_00", "x_min": 40}