{"shape_labels": [["task", [420, 450, 90, 60], "_OllRRPvCEemPd5ZtCQMxVQ"], ["userTask", [260, 530, 90, 60], "_OllRRfvCEemPd5ZtCQMxVQ"], ["startEvent_message", [110, 10, 35, 35], "_OllROfvCEemPd5ZtCQMxVQ"], ["receiveTask", [80, 260, 100, 70], "_OllRN_vCEemPd5ZtCQMxVQ"], ["task", [90, 90, 90, 50], "_OllRMvvCEemPd5ZtCQMxVQ"], ["exclusiveGateway", [110, 180, 40, 40], "_OllRNfvCEemPd5ZtCQMxVQ"], ["inclusiveGateway", [110, 370, 40, 40], "_OllRO_vCEemPd5ZtCQMxVQ"], ["inclusiveGateway", [280, 460, 40, 40], "_OllRQfvCEemPd5ZtCQMxVQ"], ["receiveTask", [240, 360, 100, 70], "_OllRP_vCEemPd5ZtCQMxVQ"], ["endEvent_link", [450, 550, 35, 35], "_OllRRvvCEemPd5ZtCQMxVQ"], ["userTask", [90, 450, 70, 50], "_OllRPvvCEemPd5ZtCQMxVQ"]], "flow_labels": [["sequenceFlow", [[300, 430], [300, 460]], "_OllRQPvCEemPd5ZtCQMxVQ", "_OllRP_vCEemPd5ZtCQMxVQ", "_OllRQfvCEemPd5ZtCQMxVQ"], ["sequenceFlow", [[130, 220], [130, 260]], "_OllRNvvCEemPd5ZtCQMxVQ", "_OllRNfvCEemPd5ZtCQMxVQ", "_OllRN_vCEemPd5ZtCQMxVQ"], ["sequenceFlow", [[127, 45], [127, 90]], "_OllRM_vCEemPd5ZtCQMxVQ", "_OllROfvCEemPd5ZtCQMxVQ", "_OllRMvvCEemPd5ZtCQMxVQ"], ["sequenceFlow", [[130, 140], [130, 180]], "_OllRNPvCEemPd5ZtCQMxVQ", "_OllRMvvCEemPd5ZtCQMxVQ", "_OllRNfvCEemPd5ZtCQMxVQ"], ["sequenceFlow", [[320, 480], [420, 480]], "_OllRQ_vCEemPd5ZtCQMxVQ", "_OllRQfvCEemPd5ZtCQMxVQ", "_OllRRPvCEemPd5ZtCQMxVQ"], ["sequenceFlow", [[130, 330], [130, 370]], "_OllROPvCEemPd5ZtCQMxVQ", "_OllRN_vCEemPd5ZtCQMxVQ", "_OllRO_vCEemPd5ZtCQMxVQ"], ["sequenceFlow", [[300, 500], [300, 530]], "_OllRQvvCEemPd5ZtCQMxVQ", "_OllRQfvCEemPd5ZtCQMxVQ", "_OllRRfvCEemPd5ZtCQMxVQ"], ["sequenceFlow", [[130, 410], [130, 450]], "_OllRPPvCEemPd5ZtCQMxVQ", "_OllRO_vCEemPd5ZtCQMxVQ", "_OllRPvvCEemPd5ZtCQMxVQ"], ["sequenceFlow", [[150, 390], [240, 390]], "_OllRPfvCEemPd5ZtCQMxVQ", "_OllRO_vCEemPd5ZtCQMxVQ", "_OllRP_vCEemPd5ZtCQMxVQ"]], "x_min": 80, "png": [592, 442], "jpeg": [647, 500], "id": "09748_00", "association_labels": [], "text_labels": [], "pool_labels": [], "y_min": 10, "project_id": "09748_00"}