{"shape_labels": [["endEvent", [610, 490, 35, 35], "_SgLezvvCEemPd5ZtCQMxVQ"], ["group", [120, 300, 660, 270], "_SgLen_vCEemPd5ZtCQMxVQ"], ["receiveTask", [430, 40, 90, 60], "_SgLewvvCEemPd5ZtCQMxVQ"], ["sendTask", [160, 440, 90, 60], "_SgLexfvCEemPd5ZtCQMxVQ"], ["task", [390, 470, 90, 60], "_SgLeyvvCEemPd5ZtCQMxVQ"], ["sendTask", [170, 40, 90, 60], "_SgLevPvCEemPd5ZtCQMxVQ"], ["sendTask", [590, 340, 160, 60], "_SgLezPvCEemPd5ZtCQMxVQ"], ["receiveTask", [390, 340, 90, 60], "_SgLeyPvCEemPd5ZtCQMxVQ"], ["startEvent", [70, 110, 35, 35], "_SgLewfvCEemPd5ZtCQMxVQ"], ["sendTask", [160, 220, 90, 60], "_SgLew_vCEemPd5ZtCQMxVQ"]], "flow_labels": [["sequenceFlow", [[232, 440], [232, 370], [390, 370]], "_SgLexvvCEemPd5ZtCQMxVQ", "_SgLexfvCEemPd5ZtCQMxVQ", "_SgLeyPvCEemPd5ZtCQMxVQ"], ["sequenceFlow", [[480, 507], [610, 507]], "_SgLey_vCEemPd5ZtCQMxVQ", "_SgLeyvvCEemPd5ZtCQMxVQ", "_SgLezvvCEemPd5ZtCQMxVQ"], ["sequenceFlow", [[627, 400], [627, 490]], "_SgLezfvCEemPd5ZtCQMxVQ", "_SgLezPvCEemPd5ZtCQMxVQ", "_SgLezvvCEemPd5ZtCQMxVQ"], ["sequenceFlow", [[476, 100], [476, 139], [234, 139], [234, 100]], "_SgLevvvCEemPd5ZtCQMxVQ", "_SgLewvvCEemPd5ZtCQMxVQ", "_SgLevPvCEemPd5ZtCQMxVQ"], ["sequenceFlow", [[260, 70], [430, 70]], "_SgLev_vCEemPd5ZtCQMxVQ", "_SgLevPvCEemPd5ZtCQMxVQ", "_SgLewvvCEemPd5ZtCQMxVQ"], ["sequenceFlow", [[233, 500], [233, 562], [431, 562], [431, 530]], "_SgLex_vCEemPd5ZtCQMxVQ", "_SgLexfvCEemPd5ZtCQMxVQ", "_SgLeyvvCEemPd5ZtCQMxVQ"], ["sequenceFlow", [[480, 370], [590, 370]], "_SgLeyfvCEemPd5ZtCQMxVQ", "_SgLeyPvCEemPd5ZtCQMxVQ", "_SgLezPvCEemPd5ZtCQMxVQ"], ["sequenceFlow", [[210, 100], [210, 220]], "_SgLewPvCEemPd5ZtCQMxVQ", "_SgLevPvCEemPd5ZtCQMxVQ", "_SgLew_vCEemPd5ZtCQMxVQ"], ["sequenceFlow", [[205, 280], [205, 440]], "_SgLexPvCEemPd5ZtCQMxVQ", "_SgLew_vCEemPd5ZtCQMxVQ", "_SgLexfvCEemPd5ZtCQMxVQ"], ["sequenceFlow", [[88, 110], [88, 70], [170, 70]], "_SgLevfvCEemPd5ZtCQMxVQ", "_SgLewfvCEemPd5ZtCQMxVQ", "_SgLevPvCEemPd5ZtCQMxVQ"]], "x_min": 20, "png": [564, 825], "jpeg": [612, 873], "id": "09557_01", "association_labels": [], "text_labels": [["End", [584, 529, 88, 14], "_SgLezvvCEemPd5ZtCQMxVQ"], ["OrderExportAction", [44, 149, 88, 14], "_SgLewfvCEemPd5ZtCQMxVQ"], ["Connection Error", [259, 355, 88, 14], "_SgLexvvCEemPd5ZtCQMxVQ"], ["Retries exporting Order at an interval of 30 minutes", [633, 420, 148, 25], "_SgLezfvCEemPd5ZtCQMxVQ"], ["Converts OrderModel to OrderExport object", [280, 146, 148, 25], "_SgLevvvCEemPd5ZtCQMxVQ"], ["SapPiOrderExportConverter", [276, 55, 148, 14], "_SgLev_vCEemPd5ZtCQMxVQ"], ["No Error", [294, 547, 38, 25], "_SgLex_vCEemPd5ZtCQMxVQ"], ["Failed Order Export", [483, 374, 78, 25], "_SgLeyfvCEemPd5ZtCQMxVQ"], ["sapPiOrderSubmissionExportService", [118, 196, 188, 14], "_SgLewPvCEemPd5ZtCQMxVQ"]], "pool_labels": [["participant", [20, 20, 813, 552], "_SgLel_vCEemPd5ZtCQMxVQ"]], "y_min": 20, "project_id": "09557_01"}