{"shape_labels": [["endEvent_message", [800, 80, 35, 35], "_KWxudfvCEemPd5ZtCQMxVQ"], ["receiveTask", [260, 395, 90, 60], "_KWxugvvCEemPd5ZtCQMxVQ"], ["sendTask", [760, 200, 90, 60], "_KWxuefvCEemPd5ZtCQMxVQ"], ["sendTask", [510, 395, 90, 60], "_KWxuhPvCEemPd5ZtCQMxVQ"], ["parallelGateway", [650, 300, 40, 40], "_KWxufvvCEemPd5ZtCQMxVQ"], ["sendTask", [410, 547, 90, 60], "_KWxuh_vCEemPd5ZtCQMxVQ"], ["receiveTask", [100, 547, 90, 60], "_KWxuhvvCEemPd5ZtCQMxVQ"], ["receiveTask", [140, 190, 90, 60], "_KWxud_vCEemPd5ZtCQMxVQ"], ["userTask", [150, 48, 90, 60], "_KWxuiPvCEemPd5ZtCQMxVQ"], ["sendTask", [200, 272, 90, 60], "_KWxue_vCEemPd5ZtCQMxVQ"], ["serviceTask", [450, 190, 90, 60], "_KWxuevvCEemPd5ZtCQMxVQ"], ["startEvent_message", [80, 68, 35, 35], "_KWxudPvCEemPd5ZtCQMxVQ"], ["receiveTask", [510, 290, 90, 60], "_KWxuffvCEemPd5ZtCQMxVQ"], ["receiveTask", [100, 395, 90, 60], "_KWxugfvCEemPd5ZtCQMxVQ"], ["lane", [30, 515, 925, 132], "_KWxuhfvCEemPd5ZtCQMxVQ"], ["lane", [30, 365, 925, 150], "_KWxugPvCEemPd5ZtCQMxVQ"], ["endEvent_terminate", [830, 300, 35, 35], "_KWxuf_vCEemPd5ZtCQMxVQ"], ["lane", [30, 20, 925, 142], "_KWxuc_vCEemPd5ZtCQMxVQ"], ["lane", [30, 162, 925, 203], "_KWxudvvCEemPd5ZtCQMxVQ"], ["exclusiveGateway", [620, 200, 40, 40], "_KWxuePvCEemPd5ZtCQMxVQ"], ["receiveTask", [400, 397, 90, 60], "_KWxug_vCEemPd5ZtCQMxVQ"], ["task", [710, 290, 90, 60], "_KWxufPvCEemPd5ZtCQMxVQ"]], "flow_labels": [["messageFlow", [[190, 108], [190, 190]], "_KWxunPvCEemPd5ZtCQMxVQ", "_KWxuiPvCEemPd5ZtCQMxVQ", "_KWxud_vCEemPd5ZtCQMxVQ"], ["sequenceFlow", [[115, 85], [150, 85]], "_KWxuifvCEemPd5ZtCQMxVQ", "_KWxudPvCEemPd5ZtCQMxVQ", "_KWxuiPvCEemPd5ZtCQMxVQ"], ["messageFlow", [[555, 395], [555, 350]], "_KWxuoPvCEemPd5ZtCQMxVQ", "_KWxuhPvCEemPd5ZtCQMxVQ", "_KWxuffvCEemPd5ZtCQMxVQ"], ["sequenceFlow", [[660, 220], [760, 220]], "_KWxujvvCEemPd5ZtCQMxVQ", "_KWxuePvCEemPd5ZtCQMxVQ", "_KWxuefvCEemPd5ZtCQMxVQ"], ["messageFlow", [[305, 455], [305, 501], [145, 501], [145, 547]], "_KWxunvvCEemPd5ZtCQMxVQ", "_KWxugvvCEemPd5ZtCQMxVQ", "_KWxuhvvCEemPd5ZtCQMxVQ"], ["sequenceFlow", [[800, 317], [830, 317]], "_KWxulvvCEemPd5ZtCQMxVQ", "_KWxufPvCEemPd5ZtCQMxVQ", "_KWxuf_vCEemPd5ZtCQMxVQ"], ["messageFlow", [[245, 332], [245, 364], [145, 363], [145, 395]], "_KWxunfvCEemPd5ZtCQMxVQ", "_KWxue_vCEemPd5ZtCQMxVQ", "_KWxugfvCEemPd5ZtCQMxVQ"], ["sequenceFlow", [[640, 240], [640, 275], [290, 275]], "_KWxuj_vCEemPd5ZtCQMxVQ", "_KWxuePvCEemPd5ZtCQMxVQ", "_KWxue_vCEemPd5ZtCQMxVQ"], ["messageFlow", [[817, 200], [817, 115]], "_KWxum_vCEemPd5ZtCQMxVQ", "_KWxuefvCEemPd5ZtCQMxVQ", "_KWxudfvCEemPd5ZtCQMxVQ"], ["sequenceFlow", [[540, 220], [620, 220]], "_KWxujfvCEemPd5ZtCQMxVQ", "_KWxuevvCEemPd5ZtCQMxVQ", "_KWxuePvCEemPd5ZtCQMxVQ"], ["sequenceFlow", [[690, 320], [710, 320]], "_KWxulfvCEemPd5ZtCQMxVQ", "_KWxufvvCEemPd5ZtCQMxVQ", "_KWxufPvCEemPd5ZtCQMxVQ"], ["messageFlow", [[450, 547], [450, 457]], "_KWxun_vCEemPd5ZtCQMxVQ", "_KWxuh_vCEemPd5ZtCQMxVQ", "_KWxug_vCEemPd5ZtCQMxVQ"], ["sequenceFlow", [[490, 426], [510, 426]], "_KWxulPvCEemPd5ZtCQMxVQ", "_KWxug_vCEemPd5ZtCQMxVQ", "_KWxuhPvCEemPd5ZtCQMxVQ"], ["sequenceFlow", [[230, 220], [450, 220]], "_KWxujPvCEemPd5ZtCQMxVQ", "_KWxud_vCEemPd5ZtCQMxVQ", "_KWxuevvCEemPd5ZtCQMxVQ"], ["sequenceFlow", [[190, 425], [260, 425]], "_KWxukvvCEemPd5ZtCQMxVQ", "_KWxugfvCEemPd5ZtCQMxVQ", "_KWxugvvCEemPd5ZtCQMxVQ"], ["sequenceFlow", [[669, 300], [669, 189], [540, 190]], "_KWxukPvCEemPd5ZtCQMxVQ", "_KWxufvvCEemPd5ZtCQMxVQ", "_KWxuevvCEemPd5ZtCQMxVQ"], ["sequenceFlow", [[190, 577], [410, 577]], "_KWxuk_vCEemPd5ZtCQMxVQ", "_KWxuhvvCEemPd5ZtCQMxVQ", "_KWxuh_vCEemPd5ZtCQMxVQ"], ["sequenceFlow", [[600, 320], [650, 320]], "_KWxul_vCEemPd5ZtCQMxVQ", "_KWxuffvCEemPd5ZtCQMxVQ", "_KWxufvvCEemPd5ZtCQMxVQ"]], "x_min": 0, "png": [639, 967], "jpeg": [687, 1015], "id": "09489_00", "association_labels": [], "text_labels": [["Display the measurements", [749, 119, 138, 14], "_KWxudfvCEemPd5ZtCQMxVQ"], ["Need Measurements", [54, 107, 88, 25], "_KWxudPvCEemPd5ZtCQMxVQ"], ["End", [804, 339, 88, 14], "_KWxuf_vCEemPd5ZtCQMxVQ"], ["If Measurements exist", [596, 244, 88, 25], "_KWxuePvCEemPd5ZtCQMxVQ"], ["yes", [687, 223, 38, 14], "_KWxujvvCEemPd5ZtCQMxVQ"], ["NO", [531, 260, 28, 14], "_KWxuj_vCEemPd5ZtCQMxVQ"]], "pool_labels": [["participant", [0, 20, 955, 627], "_KWxumvvCEemPd5ZtCQMxVQ"]], "y_min": 20, "project_id": "09489_00"}