{"shape_labels": [["intermediateCatchEvent_timer", [330, 500, 35, 35], "_S5NCi_vCEemPd5ZtCQMxVQ"], ["startEvent", [130, 500, 35, 35], "_S5NCjPvCEemPd5ZtCQMxVQ"], ["parallelGateway", [460, 500, 40, 40], "_S5NCjfvCEemPd5ZtCQMxVQ"], ["task", [690, 80, 90, 60], "_S5NCifvCEemPd5ZtCQMxVQ"], ["endEvent", [740, 200, 35, 35], "_S5NCh_vCEemPd5ZtCQMxVQ"], ["intermediateThrowEvent", [460, 190, 35, 35], "_S5NChvvCEemPd5ZtCQMxVQ"], ["lane", [60, 20, 803, 330], "_S5NChfvCEemPd5ZtCQMxVQ"], ["lane", [60, 350, 803, 302], "_S5NCivvCEemPd5ZtCQMxVQ"], ["parallelGateway", [640, 190, 40, 40], "_S5NCiPvCEemPd5ZtCQMxVQ"], ["task", [580, 470, 90, 60], "_S5NCjvvCEemPd5ZtCQMxVQ"]], "flow_labels": [["sequenceFlow", [[500, 515], [580, 515]], "_S5NClPvCEemPd5ZtCQMxVQ", "_S5NCjfvCEemPd5ZtCQMxVQ", "_S5NCjvvCEemPd5ZtCQMxVQ"], ["sequenceFlow", [[660, 190], [660, 110], [690, 110]], "_S5NCl_vCEemPd5ZtCQMxVQ", "_S5NCiPvCEemPd5ZtCQMxVQ", "_S5NCifvCEemPd5ZtCQMxVQ"], ["sequenceFlow", [[365, 517], [460, 517]], "_S5NCkPvCEemPd5ZtCQMxVQ", "_S5NCi_vCEemPd5ZtCQMxVQ", "_S5NCjfvCEemPd5ZtCQMxVQ"], ["sequenceFlow", [[655, 470], [655, 230]], "_S5NClfvCEemPd5ZtCQMxVQ", "_S5NCjvvCEemPd5ZtCQMxVQ", "_S5NCiPvCEemPd5ZtCQMxVQ"], ["sequenceFlow", [[165, 517], [330, 517]], "_S5NCj_vCEemPd5ZtCQMxVQ", "_S5NCjPvCEemPd5ZtCQMxVQ", "_S5NCi_vCEemPd5ZtCQMxVQ"], ["sequenceFlow", [[495, 207], [640, 207]], "_S5NCk_vCEemPd5ZtCQMxVQ", "_S5NChvvCEemPd5ZtCQMxVQ", "_S5NCiPvCEemPd5ZtCQMxVQ"], ["sequenceFlow", [[477, 500], [477, 225]], "_S5NCkvvCEemPd5ZtCQMxVQ", "_S5NCjfvCEemPd5ZtCQMxVQ", "_S5NChvvCEemPd5ZtCQMxVQ"], ["sequenceFlow", [[757, 140], [757, 200]], "_S5NClvvCEemPd5ZtCQMxVQ", "_S5NCifvCEemPd5ZtCQMxVQ", "_S5NCh_vCEemPd5ZtCQMxVQ"]], "x_min": 30, "png": [644, 845], "jpeg": [692, 893], "id": "09472_00", "association_labels": [], "text_labels": [["9 Monate", [304, 539, 88, 14], "_S5NCi_vCEemPd5ZtCQMxVQ"], ["Quicky", [104, 539, 88, 14], "_S5NCjPvCEemPd5ZtCQMxVQ"], ["Tod", [714, 239, 88, 14], "_S5NCh_vCEemPd5ZtCQMxVQ"], ["Geburt", [434, 229, 88, 14], "_S5NChvvCEemPd5ZtCQMxVQ"]], "pool_labels": [["participant", [30, 20, 833, 632], "_S5NCgvvCEemPd5ZtCQMxVQ"]], "y_min": 20, "project_id": "09472_00"}