{"pool_labels": [["participant", [40, 280, 963, 142], "_PelVz_vCEemPd5ZtCQMxVQ"], ["participant", [40, 80, 963, 142], "_PelVzvvCEemPd5ZtCQMxVQ"]], "flow_labels": [["sequenceFlow", [[850, 147], [920, 147]], "_PelVzPvCEemPd5ZtCQMxVQ", "_PelVyvvCEemPd5ZtCQMxVQ", "_PelVy_vCEemPd5ZtCQMxVQ"], ["sequenceFlow", [[135, 347], [210, 347]], "_PelV3PvCEemPd5ZtCQMxVQ", "_PelV2_vCEemPd5ZtCQMxVQ", "_PelV0vvCEemPd5ZtCQMxVQ"], ["messageFlow", [[645, 180], [645, 320]], "_PelV1fvCEemPd5ZtCQMxVQ", "_PelVyPvCEemPd5ZtCQMxVQ", "_PelV1vvCEemPd5ZtCQMxVQ"], ["sequenceFlow", [[690, 350], [760, 350]], "_PelV4fvCEemPd5ZtCQMxVQ", "_PelV1vvCEemPd5ZtCQMxVQ", "_PelV2PvCEemPd5ZtCQMxVQ"], ["sequenceFlow", [[470, 150], [600, 150]], "_PelVx_vCEemPd5ZtCQMxVQ", "_PelVxvvCEemPd5ZtCQMxVQ", "_PelVyPvCEemPd5ZtCQMxVQ"], ["sequenceFlow", [[145, 147], [210, 147]], "_PelVw_vCEemPd5ZtCQMxVQ", "_PelVwvvCEemPd5ZtCQMxVQ", "_PelVxPvCEemPd5ZtCQMxVQ"], ["sequenceFlow", [[850, 347], [920, 347]], "_PelV4PvCEemPd5ZtCQMxVQ", "_PelV2PvCEemPd5ZtCQMxVQ", "_PelV3_vCEemPd5ZtCQMxVQ"], ["messageFlow", [[805, 320], [805, 180]], "_PelV1_vCEemPd5ZtCQMxVQ", "_PelV2PvCEemPd5ZtCQMxVQ", "_PelVyvvCEemPd5ZtCQMxVQ"], ["messageFlow", [[255, 180], [255, 320]], "_PelV0fvCEemPd5ZtCQMxVQ", "_PelVxPvCEemPd5ZtCQMxVQ", "_PelV0vvCEemPd5ZtCQMxVQ"], ["sequenceFlow", [[300, 150], [380, 150]], "_PelVxfvCEemPd5ZtCQMxVQ", "_PelVxPvCEemPd5ZtCQMxVQ", "_PelVxvvCEemPd5ZtCQMxVQ"], ["sequenceFlow", [[300, 350], [390, 350]], "_PelV3fvCEemPd5ZtCQMxVQ", "_PelV0vvCEemPd5ZtCQMxVQ", "_PelV1PvCEemPd5ZtCQMxVQ"], ["sequenceFlow", [[690, 150], [750, 150]], "_PelVyfvCEemPd5ZtCQMxVQ", "_PelVyPvCEemPd5ZtCQMxVQ", "_PelVyvvCEemPd5ZtCQMxVQ"], ["messageFlow", [[430, 320], [430, 180]], "_PelV0_vCEemPd5ZtCQMxVQ", "_PelV1PvCEemPd5ZtCQMxVQ", "_PelVxvvCEemPd5ZtCQMxVQ"], ["sequenceFlow", [[470, 350], [600, 350]], "_PelV3vvCEemPd5ZtCQMxVQ", "_PelV1PvCEemPd5ZtCQMxVQ", "_PelV1vvCEemPd5ZtCQMxVQ"]], "jpeg": [440, 1023], "shape_labels": [["sendTask", [760, 320, 90, 60], "_PelV2PvCEemPd5ZtCQMxVQ"], ["receiveTask", [600, 320, 90, 60], "_PelV1vvCEemPd5ZtCQMxVQ"], ["group", [530, 60, 360, 380], "_PelV2fvCEemPd5ZtCQMxVQ"], ["sendTask", [390, 320, 80, 60], "_PelV1PvCEemPd5ZtCQMxVQ"], ["endEvent", [920, 330, 35, 35], "_PelV3_vCEemPd5ZtCQMxVQ"], ["receiveTask", [750, 120, 100, 60], "_PelVyvvCEemPd5ZtCQMxVQ"], ["startEvent", [100, 330, 35, 35], "_PelV2_vCEemPd5ZtCQMxVQ"], ["startEvent", [110, 130, 35, 35], "_PelVwvvCEemPd5ZtCQMxVQ"], ["endEvent", [920, 130, 35, 35], "_PelVy_vCEemPd5ZtCQMxVQ"], ["sendTask", [210, 120, 90, 60], "_PelVxPvCEemPd5ZtCQMxVQ"], ["sendTask", [600, 120, 90, 60], "_PelVyPvCEemPd5ZtCQMxVQ"], ["receiveTask", [380, 120, 90, 60], "_PelVxvvCEemPd5ZtCQMxVQ"], ["receiveTask", [210, 320, 90, 60], "_PelV0vvCEemPd5ZtCQMxVQ"]], "png": [392, 975], "association_labels": [], "id": "09715_00", "text_labels": [["Illness occurs", [84, 169, 88, 14], "_PelVwvvCEemPd5ZtCQMxVQ"], ["I need my medicine", [545, 242, 79, 25], "_PelV1fvCEemPd5ZtCQMxVQ"], ["Here is your medicine", [695, 242, 92, 25], "_PelV1_vCEemPd5ZtCQMxVQ"], ["I want to see doctor", [155, 242, 85, 25], "_PelV0fvCEemPd5ZtCQMxVQ"], ["Go see doctor", [355, 242, 57, 25], "_PelV0_vCEemPd5ZtCQMxVQ"]], "y_min": 60, "project_id": "09715_00", "x_min": 40}