{"pool_labels": [["participant", [40, 120, 1333, 292], "_KKCS8vvCEemPd5ZtCQMxVQ"], ["participant", [40, 522, 1333, 448], "_KKCS9PvCEemPd5ZtCQMxVQ"]], "flow_labels": [["sequenceFlow", [[590, 772], [700, 772], [700, 912], [810, 912]], "_KKCTK_vCEemPd5ZtCQMxVQ", "_KKCTIfvCEemPd5ZtCQMxVQ", "_KKCS__vCEemPd5ZtCQMxVQ"], ["sequenceFlow", [[280, 210], [330, 210]], "_KKCTCPvCEemPd5ZtCQMxVQ", "_KKCTB_vCEemPd5ZtCQMxVQ", "_KKCS9_vCEemPd5ZtCQMxVQ"], ["sequenceFlow", [[920, 912], [1000, 912]], "_KKCTLPvCEemPd5ZtCQMxVQ", "_KKCS__vCEemPd5ZtCQMxVQ", "_KKCTA_vCEemPd5ZtCQMxVQ"], ["sequenceFlow", [[185, 588], [280, 588]], "_KKCTJPvCEemPd5ZtCQMxVQ", "_KKCS-PvCEemPd5ZtCQMxVQ", "_KKCTH_vCEemPd5ZtCQMxVQ"], ["sequenceFlow", [[530, 210], [547, 210], [547, 312], [580, 312]], "_KKCTEvvCEemPd5ZtCQMxVQ", "_KKCTEPvCEemPd5ZtCQMxVQ", "_KKCTFPvCEemPd5ZtCQMxVQ"], ["sequenceFlow", [[905, 207], [1010, 207]], "_KKCTF_vCEemPd5ZtCQMxVQ", "_KKCTAPvCEemPd5ZtCQMxVQ", "_KKCTAvvCEemPd5ZtCQMxVQ"], ["messageFlow", [[610, 560], [610, 490], [758, 490], [758, 340]], "_KKCS_PvCEemPd5ZtCQMxVQ", "_KKCS_fvCEemPd5ZtCQMxVQ", "_KKCS-vvCEemPd5ZtCQMxVQ"], ["sequenceFlow", [[615, 307], [670, 307]], "_KKCTFfvCEemPd5ZtCQMxVQ", "_KKCTFPvCEemPd5ZtCQMxVQ", "_KKCS-vvCEemPd5ZtCQMxVQ"], ["sequenceFlow", [[1100, 210], [1150, 210]], "_KKCTGfvCEemPd5ZtCQMxVQ", "_KKCTAvvCEemPd5ZtCQMxVQ", "_KKCTGvvCEemPd5ZtCQMxVQ"], ["sequenceFlow", [[485, 587], [560, 587]], "_KKCTKfvCEemPd5ZtCQMxVQ", "_KKCS-_vCEemPd5ZtCQMxVQ", "_KKCS_fvCEemPd5ZtCQMxVQ"], ["messageFlow", [[1076, 882], [1076, 240]], "_KKCTBPvCEemPd5ZtCQMxVQ", "_KKCTA_vCEemPd5ZtCQMxVQ", "_KKCTAvvCEemPd5ZtCQMxVQ"], ["sequenceFlow", [[530, 207], [870, 207]], "_KKCTE_vCEemPd5ZtCQMxVQ", "_KKCTEPvCEemPd5ZtCQMxVQ", "_KKCTAPvCEemPd5ZtCQMxVQ"], ["messageFlow", [[1025, 240], [1025, 882]], "_KKCTAfvCEemPd5ZtCQMxVQ", "_KKCTAvvCEemPd5ZtCQMxVQ", "_KKCTA_vCEemPd5ZtCQMxVQ"], ["sequenceFlow", [[610, 620], [610, 690], [390, 690], [390, 590], [450, 588]], "_KKCTKPvCEemPd5ZtCQMxVQ", "_KKCS_fvCEemPd5ZtCQMxVQ", "_KKCS-_vCEemPd5ZtCQMxVQ"], ["sequenceFlow", [[135, 207], [190, 207]], "_KKCTBvvCEemPd5ZtCQMxVQ", "_KKCTBfvCEemPd5ZtCQMxVQ", "_KKCTB_vCEemPd5ZtCQMxVQ"], ["messageFlow", [[887, 882], [887, 225]], "_KKCS_vvCEemPd5ZtCQMxVQ", "_KKCS__vCEemPd5ZtCQMxVQ", "_KKCTAPvCEemPd5ZtCQMxVQ"], ["sequenceFlow", [[700, 340], [700, 378], [510, 378], [510, 230]], "_KKCTEfvCEemPd5ZtCQMxVQ", "_KKCS-vvCEemPd5ZtCQMxVQ", "_KKCTEPvCEemPd5ZtCQMxVQ"], ["sequenceFlow", [[320, 588], [450, 588]], "_KKCTJvvCEemPd5ZtCQMxVQ", "_KKCTH_vCEemPd5ZtCQMxVQ", "_KKCS-_vCEemPd5ZtCQMxVQ"], ["sequenceFlow", [[1110, 907], [1170, 907]], "_KKCTLfvCEemPd5ZtCQMxVQ", "_KKCTA_vCEemPd5ZtCQMxVQ", "_KKCTI_vCEemPd5ZtCQMxVQ"], ["sequenceFlow", [[1240, 207], [1290, 207]], "_KKCTG_vCEemPd5ZtCQMxVQ", "_KKCTGvvCEemPd5ZtCQMxVQ", "_KKCTHPvCEemPd5ZtCQMxVQ"], ["sequenceFlow", [[300, 612], [300, 769], [500, 769]], "_KKCTJ_vCEemPd5ZtCQMxVQ", "_KKCTH_vCEemPd5ZtCQMxVQ", "_KKCTIfvCEemPd5ZtCQMxVQ"], ["messageFlow", [[375, 240], [375, 371], [169, 371], [169, 570]], "_KKCS9vvCEemPd5ZtCQMxVQ", "_KKCS9_vCEemPd5ZtCQMxVQ", "_KKCS-PvCEemPd5ZtCQMxVQ"], ["sequenceFlow", [[420, 210], [490, 210]], "_KKCTCfvCEemPd5ZtCQMxVQ", "_KKCS9_vCEemPd5ZtCQMxVQ", "_KKCTEPvCEemPd5ZtCQMxVQ"], ["messageFlow", [[723, 340], [723, 456], [468, 456], [468, 570]], "_KKCS-fvCEemPd5ZtCQMxVQ", "_KKCS-vvCEemPd5ZtCQMxVQ", "_KKCS-_vCEemPd5ZtCQMxVQ"]], "jpeg": [910, 1393], "shape_labels": [["task", [1010, 180, 90, 60], "_KKCTAvvCEemPd5ZtCQMxVQ"], ["intermediateThrowEvent_message", [870, 190, 35, 35], "_KKCTAPvCEemPd5ZtCQMxVQ"], ["dataStoreReference", [420, 280, 40, 45], "_KKCTD_vCEemPd5ZtCQMxVQ"], ["lane", [70, 712, 1303, 128], "_KKCTIPvCEemPd5ZtCQMxVQ"], ["task", [670, 280, 120, 60], "_KKCS-vvCEemPd5ZtCQMxVQ"], ["task", [560, 560, 100, 60], "_KKCS_fvCEemPd5ZtCQMxVQ"], ["task", [190, 180, 90, 60], "_KKCTB_vCEemPd5ZtCQMxVQ"], ["task", [1150, 180, 90, 60], "_KKCTGvvCEemPd5ZtCQMxVQ"], ["endEvent", [1290, 190, 35, 35], "_KKCTHPvCEemPd5ZtCQMxVQ"], ["task", [500, 742, 90, 60], "_KKCTIfvCEemPd5ZtCQMxVQ"], ["task", [330, 180, 90, 60], "_KKCS9_vCEemPd5ZtCQMxVQ"], ["parallelGateway", [280, 572, 40, 40], "_KKCTH_vCEemPd5ZtCQMxVQ"], ["endEvent_terminate", [1170, 890, 35, 35], "_KKCTI_vCEemPd5ZtCQMxVQ"], ["lane", [70, 522, 1303, 190], "_KKCTHvvCEemPd5ZtCQMxVQ"], ["task", [1000, 882, 110, 60], "_KKCTA_vCEemPd5ZtCQMxVQ"], ["intermediateCatchEvent_message", [450, 570, 35, 35], "_KKCS-_vCEemPd5ZtCQMxVQ"], ["eventBasedGateway", [490, 190, 40, 40], "_KKCTEPvCEemPd5ZtCQMxVQ"], ["startEvent", [100, 190, 35, 35], "_KKCTBfvCEemPd5ZtCQMxVQ"], ["startEvent_message", [150, 570, 35, 35], "_KKCS-PvCEemPd5ZtCQMxVQ"], ["task", [810, 882, 110, 60], "_KKCS__vCEemPd5ZtCQMxVQ"], ["lane", [70, 840, 1303, 130], "_KKCTIvvCEemPd5ZtCQMxVQ"], ["intermediateCatchEvent_timer", [580, 290, 35, 35], "_KKCTFPvCEemPd5ZtCQMxVQ"]], "png": [862, 1345], "association_labels": [["dataOutputAssociation", [[395, 240], [423, 280]], "_KKCTDvvCEemPd5ZtCQMxVQ", "_KKCTC_vCEemPd5ZtCQMxVQ", "_KKCTD_vCEemPd5ZtCQMxVQ"]], "id": "09408_00", "text_labels": [["pizza received", [844, 229, 88, 14], "_KKCTAPvCEemPd5ZtCQMxVQ"], ["Database", [396, 329, 88, 14], "_KKCTD_vCEemPd5ZtCQMxVQ"], ["Hunger satisfied", [1264, 229, 88, 14], "_KKCTHPvCEemPd5ZtCQMxVQ"], ["End", [1144, 929, 88, 14], "_KKCTI_vCEemPd5ZtCQMxVQ"], ["Where is my pizza?", [424, 609, 88, 25], "_KKCS-_vCEemPd5ZtCQMxVQ"], ["Hungry for pizza", [74, 229, 88, 14], "_KKCTBfvCEemPd5ZtCQMxVQ"], ["Order received", [124, 609, 88, 14], "_KKCS-PvCEemPd5ZtCQMxVQ"], ["60 minutes", [554, 329, 88, 14], "_KKCTFPvCEemPd5ZtCQMxVQ"], ["receipt", [1091, 553, 21, 14], "_KKCTBPvCEemPd5ZtCQMxVQ"], ["money", [985, 553, 20, 14], "_KKCTAfvCEemPd5ZtCQMxVQ"], ["pizza order", [270, 353, 43, 25], "_KKCS9vvCEemPd5ZtCQMxVQ"]], "y_min": 120, "project_id": "09408_00", "x_min": 40}