{"shape_labels": [["receiveTask", [150, 360, 90, 60], "_GIr9s_vCEemPd5ZtCQMxVQ"], ["textAnnotation", [10, 110, 100, 190], "_GIr9u_vCEemPd5ZtCQMxVQ"], ["exclusiveGateway", [530, 370, 40, 40], "_GIr9uPvCEemPd5ZtCQMxVQ"], ["serviceTask", [350, 360, 90, 60], "_GIr9tfvCEemPd5ZtCQMxVQ"], ["userTask", [350, 150, 90, 60], "_GIr9uvvCEemPd5ZtCQMxVQ"], ["userTask", [150, 150, 90, 60], "_GIr9sfvCEemPd5ZtCQMxVQ"], ["startEvent_message", [60, 160, 35, 35], "_GIr9r_vCEemPd5ZtCQMxVQ"]], "flow_labels": [["sequenceFlow", [[550, 370], [550, 180], [440, 180]], "_GIr9ufvCEemPd5ZtCQMxVQ", "_GIr9uPvCEemPd5ZtCQMxVQ", "_GIr9uvvCEemPd5ZtCQMxVQ"], ["sequenceFlow", [[240, 390], [350, 390]], "_GIr9tPvCEemPd5ZtCQMxVQ", "_GIr9s_vCEemPd5ZtCQMxVQ", "_GIr9tfvCEemPd5ZtCQMxVQ"], ["sequenceFlow", [[395, 210], [395, 360]], "_GIr9tvvCEemPd5ZtCQMxVQ", "_GIr9uvvCEemPd5ZtCQMxVQ", "_GIr9tfvCEemPd5ZtCQMxVQ"], ["sequenceFlow", [[195, 210], [195, 360]], "_GIr9svvCEemPd5ZtCQMxVQ", "_GIr9sfvCEemPd5ZtCQMxVQ", "_GIr9s_vCEemPd5ZtCQMxVQ"], ["sequenceFlow", [[440, 390], [530, 390]], "_GIr9t_vCEemPd5ZtCQMxVQ", "_GIr9tfvCEemPd5ZtCQMxVQ", "_GIr9uPvCEemPd5ZtCQMxVQ"]], "x_min": 10, "png": [340, 606], "jpeg": [372, 660], "id": "09476_01", "association_labels": [], "text_labels": [["Missing Information?", [496, 414, 108, 14], "_GIr9uPvCEemPd5ZtCQMxVQ"], ["Needs a ride", [34, 199, 88, 14], "_GIr9r_vCEemPd5ZtCQMxVQ"], ["callUser()", [556, 269, 48, 14], "_GIr9ufvCEemPd5ZtCQMxVQ"], ["getRequest()", [246, 394, 94, 14], "_GIr9tPvCEemPd5ZtCQMxVQ"], ["updateRequest()", [402, 289, 88, 14], "_GIr9tvvCEemPd5ZtCQMxVQ"], ["createRequest()", [202, 266, 78, 14], "_GIr9svvCEemPd5ZtCQMxVQ"]], "pool_labels": [], "y_min": 110, "project_id": "09476_01"}