{"pool_labels": [["participant", [40, 522, 1333, 448], "_G98xdPvCEemPd5ZtCQMxVQ"], ["participant", [40, 120, 1333, 292], "_G98xcvvCEemPd5ZtCQMxVQ"]], "flow_labels": [["sequenceFlow", [[920, 912], [1000, 912]], "_G98xrPvCEemPd5ZtCQMxVQ", "_G98xf_vCEemPd5ZtCQMxVQ", "_G98xg_vCEemPd5ZtCQMxVQ"], ["messageFlow", [[1076, 882], [1076, 240]], "_G98xhPvCEemPd5ZtCQMxVQ", "_G98xg_vCEemPd5ZtCQMxVQ", "_G98xgvvCEemPd5ZtCQMxVQ"], ["sequenceFlow", [[905, 207], [1010, 207]], "_G98xl_vCEemPd5ZtCQMxVQ", "_G98xgPvCEemPd5ZtCQMxVQ", "_G98xgvvCEemPd5ZtCQMxVQ"], ["sequenceFlow", [[135, 207], [190, 207]], "_G98xhvvCEemPd5ZtCQMxVQ", "_G98xhfvCEemPd5ZtCQMxVQ", "_G98xh_vCEemPd5ZtCQMxVQ"], ["sequenceFlow", [[280, 210], [330, 210]], "_G98xiPvCEemPd5ZtCQMxVQ", "_G98xh_vCEemPd5ZtCQMxVQ", "_G98xd_vCEemPd5ZtCQMxVQ"], ["messageFlow", [[610, 560], [610, 490], [758, 490], [758, 340]], "_G98xfPvCEemPd5ZtCQMxVQ", "_G98xffvCEemPd5ZtCQMxVQ", "_G98xevvCEemPd5ZtCQMxVQ"], ["sequenceFlow", [[1240, 207], [1290, 207]], "_G98xm_vCEemPd5ZtCQMxVQ", "_G98xmvvCEemPd5ZtCQMxVQ", "_G98xnPvCEemPd5ZtCQMxVQ"], ["messageFlow", [[1025, 240], [1025, 882]], "_G98xgfvCEemPd5ZtCQMxVQ", "_G98xgvvCEemPd5ZtCQMxVQ", "_G98xg_vCEemPd5ZtCQMxVQ"], ["sequenceFlow", [[1100, 210], [1150, 210]], "_G98xmfvCEemPd5ZtCQMxVQ", "_G98xgvvCEemPd5ZtCQMxVQ", "_G98xmvvCEemPd5ZtCQMxVQ"], ["sequenceFlow", [[320, 588], [450, 588]], "_G98xp_vCEemPd5ZtCQMxVQ", "_G98xn_vCEemPd5ZtCQMxVQ", "_G98xe_vCEemPd5ZtCQMxVQ"], ["sequenceFlow", [[700, 340], [700, 378], [510, 378], [510, 230]], "_G98xkfvCEemPd5ZtCQMxVQ", "_G98xevvCEemPd5ZtCQMxVQ", "_G98xkPvCEemPd5ZtCQMxVQ"], ["sequenceFlow", [[185, 588], [280, 588]], "_G98xpPvCEemPd5ZtCQMxVQ", "_G98xePvCEemPd5ZtCQMxVQ", "_G98xn_vCEemPd5ZtCQMxVQ"], ["messageFlow", [[887, 882], [887, 225]], "_G98xfvvCEemPd5ZtCQMxVQ", "_G98xf_vCEemPd5ZtCQMxVQ", "_G98xgPvCEemPd5ZtCQMxVQ"], ["sequenceFlow", [[485, 587], [560, 587]], "_G98xqfvCEemPd5ZtCQMxVQ", "_G98xe_vCEemPd5ZtCQMxVQ", "_G98xffvCEemPd5ZtCQMxVQ"], ["sequenceFlow", [[625, 307], [670, 307]], "_G98xlfvCEemPd5ZtCQMxVQ", "_G98xlPvCEemPd5ZtCQMxVQ", "_G98xevvCEemPd5ZtCQMxVQ"], ["sequenceFlow", [[530, 207], [870, 207]], "_G98xkvvCEemPd5ZtCQMxVQ", "_G98xkPvCEemPd5ZtCQMxVQ", "_G98xgPvCEemPd5ZtCQMxVQ"], ["sequenceFlow", [[420, 210], [490, 210]], "_G98xifvCEemPd5ZtCQMxVQ", "_G98xd_vCEemPd5ZtCQMxVQ", "_G98xkPvCEemPd5ZtCQMxVQ"], ["messageFlow", [[723, 340], [723, 456], [468, 456], [468, 570]], "_G98xefvCEemPd5ZtCQMxVQ", "_G98xevvCEemPd5ZtCQMxVQ", "_G98xe_vCEemPd5ZtCQMxVQ"], ["sequenceFlow", [[530, 210], [552, 210], [552, 312], [590, 312]], "_G98xk_vCEemPd5ZtCQMxVQ", "_G98xkPvCEemPd5ZtCQMxVQ", "_G98xlPvCEemPd5ZtCQMxVQ"], ["sequenceFlow", [[610, 620], [610, 690], [390, 690], [390, 590], [450, 588]], "_G98xqPvCEemPd5ZtCQMxVQ", "_G98xffvCEemPd5ZtCQMxVQ", "_G98xe_vCEemPd5ZtCQMxVQ"], ["sequenceFlow", [[1110, 907], [1170, 907]], "_G98xrfvCEemPd5ZtCQMxVQ", "_G98xg_vCEemPd5ZtCQMxVQ", "_G98xo_vCEemPd5ZtCQMxVQ"], ["sequenceFlow", [[300, 612], [300, 769], [500, 769]], "_G98xpvvCEemPd5ZtCQMxVQ", "_G98xn_vCEemPd5ZtCQMxVQ", "_G98xofvCEemPd5ZtCQMxVQ"], ["sequenceFlow", [[590, 772], [700, 772], [700, 912], [810, 912]], "_G98xq_vCEemPd5ZtCQMxVQ", "_G98xofvCEemPd5ZtCQMxVQ", "_G98xf_vCEemPd5ZtCQMxVQ"], ["messageFlow", [[375, 240], [375, 371], [169, 371], [169, 570]], "_G98xdvvCEemPd5ZtCQMxVQ", "_G98xd_vCEemPd5ZtCQMxVQ", "_G98xePvCEemPd5ZtCQMxVQ"]], "jpeg": [910, 1393], "shape_labels": [["endEvent_terminate", [1170, 890, 35, 35], "_G98xo_vCEemPd5ZtCQMxVQ"], ["startEvent", [100, 190, 35, 35], "_G98xhfvCEemPd5ZtCQMxVQ"], ["eventBasedGateway", [490, 190, 40, 40], "_G98xkPvCEemPd5ZtCQMxVQ"], ["lane", [70, 840, 1303, 130], "_G98xovvCEemPd5ZtCQMxVQ"], ["task", [560, 560, 100, 60], "_G98xffvCEemPd5ZtCQMxVQ"], ["endEvent", [1290, 190, 35, 35], "_G98xnPvCEemPd5ZtCQMxVQ"], ["task", [330, 180, 90, 60], "_G98xd_vCEemPd5ZtCQMxVQ"], ["intermediateThrowEvent_message", [870, 190, 35, 35], "_G98xgPvCEemPd5ZtCQMxVQ"], ["lane", [70, 522, 1303, 190], "_G98xnvvCEemPd5ZtCQMxVQ"], ["task", [190, 180, 90, 60], "_G98xh_vCEemPd5ZtCQMxVQ"], ["intermediateCatchEvent_message", [450, 570, 35, 35], "_G98xe_vCEemPd5ZtCQMxVQ"], ["startEvent_message", [150, 570, 35, 35], "_G98xePvCEemPd5ZtCQMxVQ"], ["task", [500, 742, 90, 60], "_G98xofvCEemPd5ZtCQMxVQ"], ["task", [1010, 180, 90, 60], "_G98xgvvCEemPd5ZtCQMxVQ"], ["lane", [70, 712, 1303, 128], "_G98xoPvCEemPd5ZtCQMxVQ"], ["task", [810, 882, 110, 60], "_G98xf_vCEemPd5ZtCQMxVQ"], ["task", [1000, 882, 110, 60], "_G98xg_vCEemPd5ZtCQMxVQ"], ["parallelGateway", [280, 572, 40, 40], "_G98xn_vCEemPd5ZtCQMxVQ"], ["dataStoreReference", [420, 280, 40, 45], "_G98xj_vCEemPd5ZtCQMxVQ"], ["task", [670, 280, 120, 60], "_G98xevvCEemPd5ZtCQMxVQ"], ["intermediateCatchEvent_timer", [590, 290, 35, 35], "_G98xlPvCEemPd5ZtCQMxVQ"], ["task", [1150, 180, 90, 60], "_G98xmvvCEemPd5ZtCQMxVQ"]], "png": [862, 1345], "association_labels": [["dataOutputAssociation", [[395, 240], [423, 280]], "_G98xjvvCEemPd5ZtCQMxVQ", "_G98xi_vCEemPd5ZtCQMxVQ", "_G98xj_vCEemPd5ZtCQMxVQ"]], "id": "09479_00", "text_labels": [["End", [1144, 929, 88, 14], "_G98xo_vCEemPd5ZtCQMxVQ"], ["Hungry for pizza", [74, 229, 88, 14], "_G98xhfvCEemPd5ZtCQMxVQ"], ["Hunger satisfied", [1264, 229, 88, 14], "_G98xnPvCEemPd5ZtCQMxVQ"], ["pizza received", [844, 229, 88, 14], "_G98xgPvCEemPd5ZtCQMxVQ"], ["Where is my pizza?", [424, 609, 88, 25], "_G98xe_vCEemPd5ZtCQMxVQ"], ["Order received", [124, 609, 88, 14], "_G98xePvCEemPd5ZtCQMxVQ"], ["Database", [396, 329, 88, 14], "_G98xj_vCEemPd5ZtCQMxVQ"], ["60 minutes", [564, 329, 88, 14], "_G98xlPvCEemPd5ZtCQMxVQ"], ["bill", [1092, 554, 28, 14], "_G98xhPvCEemPd5ZtCQMxVQ"], ["money", [976, 554, 30, 14], "_G98xgfvCEemPd5ZtCQMxVQ"], ["pizza order", [270, 353, 43, 25], "_G98xdvvCEemPd5ZtCQMxVQ"]], "y_min": 120, "project_id": "09479_00", "x_min": 40}