{"shape_labels": [["exclusiveGateway", [1030, 100, 40, 40], "_K8AihvvCEemPd5ZtCQMxVQ"], ["startEvent_message", [80, 100, 35, 35], "_K8AicvvCEemPd5ZtCQMxVQ"], ["parallelGateway", [830, 100, 40, 40], "_K8AigPvCEemPd5ZtCQMxVQ"], ["scriptTask", [480, 130, 90, 60], "_K8AifPvCEemPd5ZtCQMxVQ"], ["receiveTask", [880, 10, 90, 60], "_K8Aig_vCEemPd5ZtCQMxVQ"], ["task", [900, 80, 90, 60], "_K8AihPvCEemPd5ZtCQMxVQ"], ["scriptTask", [180, 90, 90, 60], "_K8AiefvCEemPd5ZtCQMxVQ"], ["task", [640, 90, 90, 60], "_K8AifvvCEemPd5ZtCQMxVQ"], ["exclusiveGateway", [340, 100, 40, 40], "_K8AidfvCEemPd5ZtCQMxVQ"], ["scriptTask", [480, 30, 90, 60], "_K8AievvCEemPd5ZtCQMxVQ"]], "flow_labels": [["sequenceFlow", [[379, 100], [379, 60], [480, 60]], "_K8Aid_vCEemPd5ZtCQMxVQ", "_K8AidfvCEemPd5ZtCQMxVQ", "_K8AievvCEemPd5ZtCQMxVQ"], ["sequenceFlow", [[570, 60], [605, 60], [605, 120], [640, 120]], "_K8Aie_vCEemPd5ZtCQMxVQ", "_K8AievvCEemPd5ZtCQMxVQ", "_K8AifvvCEemPd5ZtCQMxVQ"], ["sequenceFlow", [[870, 120], [875, 120], [875, 40], [880, 40]], "_K8AigfvCEemPd5ZtCQMxVQ", "_K8AigPvCEemPd5ZtCQMxVQ", "_K8Aig_vCEemPd5ZtCQMxVQ"], ["sequenceFlow", [[730, 120], [830, 120]], "_K8Aif_vCEemPd5ZtCQMxVQ", "_K8AifvvCEemPd5ZtCQMxVQ", "_K8AigPvCEemPd5ZtCQMxVQ"], ["sequenceFlow", [[570, 140], [640, 140]], "_K8AiffvCEemPd5ZtCQMxVQ", "_K8AifPvCEemPd5ZtCQMxVQ", "_K8AifvvCEemPd5ZtCQMxVQ"], ["sequenceFlow", [[270, 120], [340, 120]], "_K8AidvvCEemPd5ZtCQMxVQ", "_K8AiefvCEemPd5ZtCQMxVQ", "_K8AidfvCEemPd5ZtCQMxVQ"], ["sequenceFlow", [[870, 120], [900, 120]], "_K8AigvvCEemPd5ZtCQMxVQ", "_K8AigPvCEemPd5ZtCQMxVQ", "_K8AihPvCEemPd5ZtCQMxVQ"], ["sequenceFlow", [[380, 135], [480, 135]], "_K8AiePvCEemPd5ZtCQMxVQ", "_K8AidfvCEemPd5ZtCQMxVQ", "_K8AifPvCEemPd5ZtCQMxVQ"], ["sequenceFlow", [[990, 120], [1030, 120]], "_K8AihfvCEemPd5ZtCQMxVQ", "_K8AihPvCEemPd5ZtCQMxVQ", "_K8AihvvCEemPd5ZtCQMxVQ"], ["sequenceFlow", [[115, 117], [180, 117]], "_K8Aic_vCEemPd5ZtCQMxVQ", "_K8AicvvCEemPd5ZtCQMxVQ", "_K8AiefvCEemPd5ZtCQMxVQ"]], "x_min": 54, "png": [300, 1025], "jpeg": [240, 1112], "id": "09737_00", "association_labels": [], "text_labels": [["Exclusive gateway2", [1006, 144, 88, 25], "_K8AihvvCEemPd5ZtCQMxVQ"], ["Opladen nieuw bestand", [54, 139, 88, 25], "_K8AicvvCEemPd5ZtCQMxVQ"], ["Parallel gateway", [806, 144, 88, 14], "_K8AigPvCEemPd5ZtCQMxVQ"], ["Exclusive gateway", [316, 144, 88, 25], "_K8AidfvCEemPd5ZtCQMxVQ"], ["nieuw", [385, 73, 18, 14], "_K8Aid_vCEemPd5ZtCQMxVQ"], ["bestaand", [436, 138, 33, 14], "_K8AiePvCEemPd5ZtCQMxVQ"]], "pool_labels": [], "y_min": 10, "project_id": "09737_00"}