{"shape_labels": [["task", [270, 180, 90, 60], "_GsEXTvvCEemPd5ZtCQMxVQ"], ["task", [580, 260, 90, 60], "_GsEXSvvCEemPd5ZtCQMxVQ"], ["startEvent", [120, 190, 35, 35], "_GsEXU_vCEemPd5ZtCQMxVQ"], ["exclusiveGateway", [430, 170, 40, 40], "_GsEXW_vCEemPd5ZtCQMxVQ"], ["endEvent", [740, 180, 35, 35], "_GsEXXvvCEemPd5ZtCQMxVQ"], ["task", [590, 480, 90, 60], "_GsEXS_vCEemPd5ZtCQMxVQ"], ["exclusiveGateway", [200, 190, 40, 40], "_GsEXY_vCEemPd5ZtCQMxVQ"]], "flow_labels": [["sequenceFlow", [[155, 207], [200, 207]], "_GsEXVPvCEemPd5ZtCQMxVQ", "_GsEXU_vCEemPd5ZtCQMxVQ", "_GsEXY_vCEemPd5ZtCQMxVQ"], ["messageFlow", [[590, 480], [472, 479], [315, 479], [315, 240]], "_GsEXTfvCEemPd5ZtCQMxVQ", "_GsEXS_vCEemPd5ZtCQMxVQ", "_GsEXTvvCEemPd5ZtCQMxVQ"], ["sequenceFlow", [[470, 195], [740, 195]], "_GsEXX_vCEemPd5ZtCQMxVQ", "_GsEXW_vCEemPd5ZtCQMxVQ", "_GsEXXvvCEemPd5ZtCQMxVQ"], ["messageFlow", [[630, 320], [630, 480]], "_GsEXSfvCEemPd5ZtCQMxVQ", "_GsEXSvvCEemPd5ZtCQMxVQ", "_GsEXS_vCEemPd5ZtCQMxVQ"], ["sequenceFlow", [[240, 210], [270, 210]], "_GsEXVvvCEemPd5ZtCQMxVQ", "_GsEXY_vCEemPd5ZtCQMxVQ", "_GsEXTvvCEemPd5ZtCQMxVQ"], ["sequenceFlow", [[360, 195], [430, 195]], "_GsEXV_vCEemPd5ZtCQMxVQ", "_GsEXTvvCEemPd5ZtCQMxVQ", "_GsEXW_vCEemPd5ZtCQMxVQ"], ["sequenceFlow", [[450, 210], [450, 290], [580, 290]], "_GsEXWfvCEemPd5ZtCQMxVQ", "_GsEXW_vCEemPd5ZtCQMxVQ", "_GsEXSvvCEemPd5ZtCQMxVQ"]], "x_min": 50, "png": [634, 845], "jpeg": [682, 893], "id": "09560_00", "association_labels": [], "text_labels": [["application received", [94, 229, 88, 25], "_GsEXU_vCEemPd5ZtCQMxVQ"], ["End", [714, 219, 88, 14], "_GsEXXvvCEemPd5ZtCQMxVQ"]], "pool_labels": [["participant", [50, 390, 833, 302], "_GsEXQ_vCEemPd5ZtCQMxVQ"], ["participant", [50, 70, 833, 302], "_GsEXRvvCEemPd5ZtCQMxVQ"]], "y_min": 70, "project_id": "09560_00"}