{"shape_labels": [["receiveTask", [600, 320, 90, 60], "_NsOAVvvCEemPd5ZtCQMxVQ"], ["receiveTask", [380, 120, 90, 60], "_NsOARvvCEemPd5ZtCQMxVQ"], ["sendTask", [390, 320, 80, 60], "_NsOAVPvCEemPd5ZtCQMxVQ"], ["startEvent", [110, 130, 35, 35], "_NsOAQvvCEemPd5ZtCQMxVQ"], ["receiveTask", [210, 320, 90, 60], "_NsOAUvvCEemPd5ZtCQMxVQ"], ["sendTask", [600, 120, 90, 60], "_NsOASPvCEemPd5ZtCQMxVQ"], ["startEvent", [100, 330, 35, 35], "_NsOAW_vCEemPd5ZtCQMxVQ"], ["sendTask", [210, 120, 90, 60], "_NsOARPvCEemPd5ZtCQMxVQ"], ["receiveTask", [750, 120, 100, 60], "_NsOASvvCEemPd5ZtCQMxVQ"], ["sendTask", [760, 320, 90, 60], "_NsOAWPvCEemPd5ZtCQMxVQ"], ["group", [530, 60, 360, 380], "_NsOAWfvCEemPd5ZtCQMxVQ"], ["endEvent", [920, 130, 35, 35], "_NsOAS_vCEemPd5ZtCQMxVQ"], ["endEvent", [920, 330, 35, 35], "_NsOAX_vCEemPd5ZtCQMxVQ"]], "flow_labels": [["messageFlow", [[645, 180], [645, 320]], "_NsOAVfvCEemPd5ZtCQMxVQ", "_NsOASPvCEemPd5ZtCQMxVQ", "_NsOAVvvCEemPd5ZtCQMxVQ"], ["messageFlow", [[805, 320], [805, 180]], "_NsOAV_vCEemPd5ZtCQMxVQ", "_NsOAWPvCEemPd5ZtCQMxVQ", "_NsOASvvCEemPd5ZtCQMxVQ"], ["sequenceFlow", [[470, 350], [600, 350]], "_NsOAXvvCEemPd5ZtCQMxVQ", "_NsOAVPvCEemPd5ZtCQMxVQ", "_NsOAVvvCEemPd5ZtCQMxVQ"], ["sequenceFlow", [[850, 147], [920, 147]], "_NsOATPvCEemPd5ZtCQMxVQ", "_NsOASvvCEemPd5ZtCQMxVQ", "_NsOAS_vCEemPd5ZtCQMxVQ"], ["sequenceFlow", [[300, 150], [380, 150]], "_NsOARfvCEemPd5ZtCQMxVQ", "_NsOARPvCEemPd5ZtCQMxVQ", "_NsOARvvCEemPd5ZtCQMxVQ"], ["sequenceFlow", [[145, 147], [210, 147]], "_NsOAQ_vCEemPd5ZtCQMxVQ", "_NsOAQvvCEemPd5ZtCQMxVQ", "_NsOARPvCEemPd5ZtCQMxVQ"], ["sequenceFlow", [[300, 350], [390, 350]], "_NsOAXfvCEemPd5ZtCQMxVQ", "_NsOAUvvCEemPd5ZtCQMxVQ", "_NsOAVPvCEemPd5ZtCQMxVQ"], ["sequenceFlow", [[690, 350], [760, 350]], "_NsOAYfvCEemPd5ZtCQMxVQ", "_NsOAVvvCEemPd5ZtCQMxVQ", "_NsOAWPvCEemPd5ZtCQMxVQ"], ["messageFlow", [[255, 180], [255, 320]], "_NsOAUfvCEemPd5ZtCQMxVQ", "_NsOARPvCEemPd5ZtCQMxVQ", "_NsOAUvvCEemPd5ZtCQMxVQ"], ["sequenceFlow", [[850, 347], [920, 347]], "_NsOAYPvCEemPd5ZtCQMxVQ", "_NsOAWPvCEemPd5ZtCQMxVQ", "_NsOAX_vCEemPd5ZtCQMxVQ"], ["messageFlow", [[430, 320], [430, 180]], "_NsOAU_vCEemPd5ZtCQMxVQ", "_NsOAVPvCEemPd5ZtCQMxVQ", "_NsOARvvCEemPd5ZtCQMxVQ"], ["sequenceFlow", [[135, 347], [210, 347]], "_NsOAXPvCEemPd5ZtCQMxVQ", "_NsOAW_vCEemPd5ZtCQMxVQ", "_NsOAUvvCEemPd5ZtCQMxVQ"], ["sequenceFlow", [[690, 150], [750, 150]], "_NsOASfvCEemPd5ZtCQMxVQ", "_NsOASPvCEemPd5ZtCQMxVQ", "_NsOASvvCEemPd5ZtCQMxVQ"], ["sequenceFlow", [[470, 150], [600, 150]], "_NsOAR_vCEemPd5ZtCQMxVQ", "_NsOARvvCEemPd5ZtCQMxVQ", "_NsOASPvCEemPd5ZtCQMxVQ"]], "x_min": 40, "png": [392, 975], "jpeg": [440, 1023], "id": "09580_00", "association_labels": [], "text_labels": [["Illness occurs", [84, 169, 88, 14], "_NsOAQvvCEemPd5ZtCQMxVQ"], ["I need my medicine", [545, 242, 79, 25], "_NsOAVfvCEemPd5ZtCQMxVQ"], ["Here is your medicine", [695, 242, 92, 25], "_NsOAV_vCEemPd5ZtCQMxVQ"], ["I want to see doctor", [155, 242, 85, 25], "_NsOAUfvCEemPd5ZtCQMxVQ"], ["Go see doctor", [355, 242, 57, 25], "_NsOAU_vCEemPd5ZtCQMxVQ"]], "pool_labels": [["participant", [40, 280, 963, 142], "_NsOAT_vCEemPd5ZtCQMxVQ"], ["participant", [40, 80, 963, 142], "_NsOATvvCEemPd5ZtCQMxVQ"]], "y_min": 60, "project_id": "09580_00"}