{"shape_labels": [["receiveTask", [210, 320, 90, 60], "_LP35svvCEemPd5ZtCQMxVQ"], ["sendTask", [210, 120, 90, 60], "_LP35pPvCEemPd5ZtCQMxVQ"], ["receiveTask", [380, 120, 90, 60], "_LP35pvvCEemPd5ZtCQMxVQ"], ["startEvent", [100, 330, 35, 35], "_LP35u_vCEemPd5ZtCQMxVQ"], ["startEvent", [110, 130, 35, 35], "_LP35ovvCEemPd5ZtCQMxVQ"], ["group", [530, 60, 360, 380], "_LP35ufvCEemPd5ZtCQMxVQ"], ["sendTask", [760, 320, 90, 60], "_LP35uPvCEemPd5ZtCQMxVQ"], ["receiveTask", [750, 120, 100, 60], "_LP35qvvCEemPd5ZtCQMxVQ"], ["sendTask", [600, 120, 90, 60], "_LP35qPvCEemPd5ZtCQMxVQ"], ["receiveTask", [600, 320, 90, 60], "_LP35tvvCEemPd5ZtCQMxVQ"], ["sendTask", [390, 320, 80, 60], "_LP35tPvCEemPd5ZtCQMxVQ"], ["endEvent", [920, 130, 35, 35], "_LP35q_vCEemPd5ZtCQMxVQ"], ["endEvent", [920, 330, 35, 35], "_LP35v_vCEemPd5ZtCQMxVQ"]], "flow_labels": [["sequenceFlow", [[850, 347], [920, 347]], "_LP35wPvCEemPd5ZtCQMxVQ", "_LP35uPvCEemPd5ZtCQMxVQ", "_LP35v_vCEemPd5ZtCQMxVQ"], ["sequenceFlow", [[300, 350], [390, 350]], "_LP35vfvCEemPd5ZtCQMxVQ", "_LP35svvCEemPd5ZtCQMxVQ", "_LP35tPvCEemPd5ZtCQMxVQ"], ["sequenceFlow", [[300, 150], [380, 150]], "_LP35pfvCEemPd5ZtCQMxVQ", "_LP35pPvCEemPd5ZtCQMxVQ", "_LP35pvvCEemPd5ZtCQMxVQ"], ["sequenceFlow", [[690, 350], [760, 350]], "_LP35wfvCEemPd5ZtCQMxVQ", "_LP35tvvCEemPd5ZtCQMxVQ", "_LP35uPvCEemPd5ZtCQMxVQ"], ["sequenceFlow", [[690, 150], [750, 150]], "_LP35qfvCEemPd5ZtCQMxVQ", "_LP35qPvCEemPd5ZtCQMxVQ", "_LP35qvvCEemPd5ZtCQMxVQ"], ["sequenceFlow", [[135, 347], [210, 347]], "_LP35vPvCEemPd5ZtCQMxVQ", "_LP35u_vCEemPd5ZtCQMxVQ", "_LP35svvCEemPd5ZtCQMxVQ"], ["sequenceFlow", [[470, 350], [600, 350]], "_LP35vvvCEemPd5ZtCQMxVQ", "_LP35tPvCEemPd5ZtCQMxVQ", "_LP35tvvCEemPd5ZtCQMxVQ"], ["sequenceFlow", [[470, 150], [600, 150]], "_LP35p_vCEemPd5ZtCQMxVQ", "_LP35pvvCEemPd5ZtCQMxVQ", "_LP35qPvCEemPd5ZtCQMxVQ"], ["messageFlow", [[430, 320], [430, 180]], "_LP35s_vCEemPd5ZtCQMxVQ", "_LP35tPvCEemPd5ZtCQMxVQ", "_LP35pvvCEemPd5ZtCQMxVQ"], ["sequenceFlow", [[145, 147], [210, 147]], "_LP35o_vCEemPd5ZtCQMxVQ", "_LP35ovvCEemPd5ZtCQMxVQ", "_LP35pPvCEemPd5ZtCQMxVQ"], ["messageFlow", [[255, 180], [255, 320]], "_LP35sfvCEemPd5ZtCQMxVQ", "_LP35pPvCEemPd5ZtCQMxVQ", "_LP35svvCEemPd5ZtCQMxVQ"], ["sequenceFlow", [[850, 147], [920, 147]], "_LP35rPvCEemPd5ZtCQMxVQ", "_LP35qvvCEemPd5ZtCQMxVQ", "_LP35q_vCEemPd5ZtCQMxVQ"], ["messageFlow", [[645, 180], [645, 320]], "_LP35tfvCEemPd5ZtCQMxVQ", "_LP35qPvCEemPd5ZtCQMxVQ", "_LP35tvvCEemPd5ZtCQMxVQ"], ["messageFlow", [[805, 320], [805, 180]], "_LP35t_vCEemPd5ZtCQMxVQ", "_LP35uPvCEemPd5ZtCQMxVQ", "_LP35qvvCEemPd5ZtCQMxVQ"]], "x_min": 40, "png": [392, 975], "jpeg": [440, 1023], "id": "09492_00", "association_labels": [], "text_labels": [["Illness occurs", [84, 169, 88, 14], "_LP35ovvCEemPd5ZtCQMxVQ"], ["Go see doctor", [355, 242, 57, 25], "_LP35s_vCEemPd5ZtCQMxVQ"], ["I want to see doctor", [155, 242, 85, 25], "_LP35sfvCEemPd5ZtCQMxVQ"], ["I need my medicine", [545, 242, 79, 25], "_LP35tfvCEemPd5ZtCQMxVQ"], ["Here is your medicine", [695, 242, 92, 25], "_LP35t_vCEemPd5ZtCQMxVQ"]], "pool_labels": [["participant", [40, 280, 963, 142], "_LP35r_vCEemPd5ZtCQMxVQ"], ["participant", [40, 80, 963, 142], "_LP35rvvCEemPd5ZtCQMxVQ"]], "y_min": 60, "project_id": "09492_00"}