{"shape_labels": [["sendTask", [210, 120, 90, 60], "_HKKohPvCEemPd5ZtCQMxVQ"], ["receiveTask", [380, 120, 90, 60], "_HKKohvvCEemPd5ZtCQMxVQ"], ["sendTask", [390, 320, 80, 60], "_HKKolPvCEemPd5ZtCQMxVQ"], ["receiveTask", [210, 320, 90, 60], "_HKKokvvCEemPd5ZtCQMxVQ"], ["receiveTask", [750, 120, 100, 60], "_HKKoivvCEemPd5ZtCQMxVQ"], ["startEvent", [110, 130, 35, 35], "_HKKogvvCEemPd5ZtCQMxVQ"], ["group", [530, 60, 360, 380], "_HKKomfvCEemPd5ZtCQMxVQ"], ["startEvent", [100, 330, 35, 35], "_HKKom_vCEemPd5ZtCQMxVQ"], ["endEvent", [920, 130, 35, 35], "_HKKoi_vCEemPd5ZtCQMxVQ"], ["endEvent", [920, 330, 35, 35], "_HKKon_vCEemPd5ZtCQMxVQ"], ["sendTask", [760, 320, 90, 60], "_HKKomPvCEemPd5ZtCQMxVQ"], ["receiveTask", [600, 320, 90, 60], "_HKKolvvCEemPd5ZtCQMxVQ"], ["sendTask", [600, 120, 90, 60], "_HKKoiPvCEemPd5ZtCQMxVQ"]], "flow_labels": [["sequenceFlow", [[300, 350], [390, 350]], "_HKKonfvCEemPd5ZtCQMxVQ", "_HKKokvvCEemPd5ZtCQMxVQ", "_HKKolPvCEemPd5ZtCQMxVQ"], ["messageFlow", [[805, 320], [805, 180]], "_HKKol_vCEemPd5ZtCQMxVQ", "_HKKomPvCEemPd5ZtCQMxVQ", "_HKKoivvCEemPd5ZtCQMxVQ"], ["sequenceFlow", [[850, 147], [920, 147]], "_HKKojPvCEemPd5ZtCQMxVQ", "_HKKoivvCEemPd5ZtCQMxVQ", "_HKKoi_vCEemPd5ZtCQMxVQ"], ["messageFlow", [[645, 180], [645, 320]], "_HKKolfvCEemPd5ZtCQMxVQ", "_HKKoiPvCEemPd5ZtCQMxVQ", "_HKKolvvCEemPd5ZtCQMxVQ"], ["messageFlow", [[255, 180], [255, 320]], "_HKKokfvCEemPd5ZtCQMxVQ", "_HKKohPvCEemPd5ZtCQMxVQ", "_HKKokvvCEemPd5ZtCQMxVQ"], ["sequenceFlow", [[470, 150], [600, 150]], "_HKKoh_vCEemPd5ZtCQMxVQ", "_HKKohvvCEemPd5ZtCQMxVQ", "_HKKoiPvCEemPd5ZtCQMxVQ"], ["sequenceFlow", [[300, 150], [380, 150]], "_HKKohfvCEemPd5ZtCQMxVQ", "_HKKohPvCEemPd5ZtCQMxVQ", "_HKKohvvCEemPd5ZtCQMxVQ"], ["messageFlow", [[430, 320], [430, 180]], "_HKKok_vCEemPd5ZtCQMxVQ", "_HKKolPvCEemPd5ZtCQMxVQ", "_HKKohvvCEemPd5ZtCQMxVQ"], ["sequenceFlow", [[690, 150], [750, 150]], "_HKKoifvCEemPd5ZtCQMxVQ", "_HKKoiPvCEemPd5ZtCQMxVQ", "_HKKoivvCEemPd5ZtCQMxVQ"], ["sequenceFlow", [[135, 347], [210, 347]], "_HKKonPvCEemPd5ZtCQMxVQ", "_HKKom_vCEemPd5ZtCQMxVQ", "_HKKokvvCEemPd5ZtCQMxVQ"], ["sequenceFlow", [[850, 347], [920, 347]], "_HKKooPvCEemPd5ZtCQMxVQ", "_HKKomPvCEemPd5ZtCQMxVQ", "_HKKon_vCEemPd5ZtCQMxVQ"], ["sequenceFlow", [[145, 147], [210, 147]], "_HKKog_vCEemPd5ZtCQMxVQ", "_HKKogvvCEemPd5ZtCQMxVQ", "_HKKohPvCEemPd5ZtCQMxVQ"], ["sequenceFlow", [[470, 350], [600, 350]], "_HKKonvvCEemPd5ZtCQMxVQ", "_HKKolPvCEemPd5ZtCQMxVQ", "_HKKolvvCEemPd5ZtCQMxVQ"], ["sequenceFlow", [[690, 350], [760, 350]], "_HKKoofvCEemPd5ZtCQMxVQ", "_HKKolvvCEemPd5ZtCQMxVQ", "_HKKomPvCEemPd5ZtCQMxVQ"]], "x_min": 40, "png": [392, 975], "jpeg": [440, 1023], "id": "09398_00", "association_labels": [], "text_labels": [["Illness occurs", [84, 169, 88, 14], "_HKKogvvCEemPd5ZtCQMxVQ"], ["Here is your medicine", [695, 242, 92, 25], "_HKKol_vCEemPd5ZtCQMxVQ"], ["I need my medicine", [545, 242, 79, 25], "_HKKolfvCEemPd5ZtCQMxVQ"], ["I want to see doctor", [155, 242, 85, 25], "_HKKokfvCEemPd5ZtCQMxVQ"], ["Go see doctor", [355, 242, 57, 25], "_HKKok_vCEemPd5ZtCQMxVQ"]], "pool_labels": [["participant", [40, 80, 963, 142], "_HKKojvvCEemPd5ZtCQMxVQ"], ["participant", [40, 280, 963, 142], "_HKKoj_vCEemPd5ZtCQMxVQ"]], "y_min": 60, "project_id": "09398_00"}