{"shape_labels": [["startEvent_message", [420, 110, 35, 35], "_JPAOG_vCEemPd5ZtCQMxVQ"], ["task", [740, 190, 90, 60], "_JPAOI_vCEemPd5ZtCQMxVQ"], ["task", [590, 90, 90, 60], "_JPAOGPvCEemPd5ZtCQMxVQ"], ["startEvent", [40, 110, 35, 35], "_JPAOEvvCEemPd5ZtCQMxVQ"], ["task", [140, 100, 90, 60], "_JPAOFPvCEemPd5ZtCQMxVQ"], ["task", [280, 100, 90, 60], "_JPAOFvvCEemPd5ZtCQMxVQ"], ["parallelGateway", [860, 150, 40, 40], "_JPAOJfvCEemPd5ZtCQMxVQ"], ["task", [590, 170, 90, 60], "_JPAOHfvCEemPd5ZtCQMxVQ"], ["task", [920, 140, 90, 60], "_JPAOJvvCEemPd5ZtCQMxVQ"], ["parallelGateway", [500, 110, 40, 40], "_JPAOIPvCEemPd5ZtCQMxVQ"], ["task", [730, 80, 90, 60], "_JPAOIfvCEemPd5ZtCQMxVQ"]], "flow_labels": [["sequenceFlow", [[830, 220], [880, 220], [880, 190]], "_JPAOJPvCEemPd5ZtCQMxVQ", "_JPAOI_vCEemPd5ZtCQMxVQ", "_JPAOJfvCEemPd5ZtCQMxVQ"], ["sequenceFlow", [[540, 130], [590, 130]], "_JPAOGfvCEemPd5ZtCQMxVQ", "_JPAOIPvCEemPd5ZtCQMxVQ", "_JPAOGPvCEemPd5ZtCQMxVQ"], ["sequenceFlow", [[680, 210], [740, 210]], "_JPAOH_vCEemPd5ZtCQMxVQ", "_JPAOHfvCEemPd5ZtCQMxVQ", "_JPAOI_vCEemPd5ZtCQMxVQ"], ["sequenceFlow", [[75, 127], [140, 127]], "_JPAOE_vCEemPd5ZtCQMxVQ", "_JPAOEvvCEemPd5ZtCQMxVQ", "_JPAOFPvCEemPd5ZtCQMxVQ"], ["sequenceFlow", [[230, 130], [280, 130]], "_JPAOFfvCEemPd5ZtCQMxVQ", "_JPAOFPvCEemPd5ZtCQMxVQ", "_JPAOFvvCEemPd5ZtCQMxVQ"], ["sequenceFlow", [[520, 150], [520, 200], [590, 200]], "_JPAOHvvCEemPd5ZtCQMxVQ", "_JPAOIPvCEemPd5ZtCQMxVQ", "_JPAOHfvCEemPd5ZtCQMxVQ"], ["sequenceFlow", [[680, 115], [730, 115]], "_JPAOGvvCEemPd5ZtCQMxVQ", "_JPAOGPvCEemPd5ZtCQMxVQ", "_JPAOIfvCEemPd5ZtCQMxVQ"], ["sequenceFlow", [[820, 110], [880, 110], [880, 150]], "_JPAOIvvCEemPd5ZtCQMxVQ", "_JPAOIfvCEemPd5ZtCQMxVQ", "_JPAOJfvCEemPd5ZtCQMxVQ"], ["sequenceFlow", [[370, 130], [500, 130]], "_JPAOF_vCEemPd5ZtCQMxVQ", "_JPAOFvvCEemPd5ZtCQMxVQ", "_JPAOIPvCEemPd5ZtCQMxVQ"]], "x_min": 14, "png": [300, 1001], "jpeg": [230, 1062], "id": "09693_00", "association_labels": [], "text_labels": [["Cash acquired", [394, 149, 88, 14], "_JPAOG_vCEemPd5ZtCQMxVQ"], ["List ingredients needed", [14, 149, 88, 25], "_JPAOEvvCEemPd5ZtCQMxVQ"]], "pool_labels": [], "y_min": 80, "project_id": "09693_00"}