{"shape_labels": [["serviceTask", [480, 130, 160, 60], "_InLZHPvCEemPd5ZtCQMxVQ"], ["serviceTask", [380, 250, 110, 60], "_InLZH_vCEemPd5ZtCQMxVQ"], ["serviceTask", [660, 600, 160, 60], "_InLZNPvCEemPd5ZtCQMxVQ"], ["serviceTask", [340, 360, 200, 60], "_InLZJvvCEemPd5ZtCQMxVQ"], ["serviceTask", [60, 600, 160, 60], "_InLZLvvCEemPd5ZtCQMxVQ"], ["serviceTask", [460, 600, 160, 60], "_InLZMvvCEemPd5ZtCQMxVQ"], ["serviceTask", [280, 130, 100, 60], "_InLZGfvCEemPd5ZtCQMxVQ"], ["userTask", [710, 40, 90, 60], "_InLZFvvCEemPd5ZtCQMxVQ"], ["serviceTask", [260, 600, 160, 60], "_InLZMPvCEemPd5ZtCQMxVQ"], ["serviceTask", [360, 480, 160, 60], "_InLZKfvCEemPd5ZtCQMxVQ"], ["scriptTask", [120, 40, 90, 60], "_InLZE_vCEemPd5ZtCQMxVQ"]], "flow_labels": [["sequenceFlow", [[485, 190], [485, 250]], "_InLZHfvCEemPd5ZtCQMxVQ", "_InLZHPvCEemPd5ZtCQMxVQ", "_InLZH_vCEemPd5ZtCQMxVQ"], ["sequenceFlow", [[490, 540], [490, 600]], "_InLZLPvCEemPd5ZtCQMxVQ", "_InLZKfvCEemPd5ZtCQMxVQ", "_InLZMvvCEemPd5ZtCQMxVQ"], ["sequenceFlow", [[210, 70], [245, 70], [245, 160], [280, 160]], "_InLZFPvCEemPd5ZtCQMxVQ", "_InLZE_vCEemPd5ZtCQMxVQ", "_InLZGfvCEemPd5ZtCQMxVQ"], ["sequenceFlow", [[710, 70], [675, 70], [675, 160], [640, 160]], "_InLZF_vCEemPd5ZtCQMxVQ", "_InLZFvvCEemPd5ZtCQMxVQ", "_InLZHPvCEemPd5ZtCQMxVQ"], ["sequenceFlow", [[380, 160], [380, 280]], "_InLZGvvCEemPd5ZtCQMxVQ", "_InLZGfvCEemPd5ZtCQMxVQ", "_InLZH_vCEemPd5ZtCQMxVQ"], ["sequenceFlow", [[435, 310], [435, 360]], "_InLZIPvCEemPd5ZtCQMxVQ", "_InLZH_vCEemPd5ZtCQMxVQ", "_InLZJvvCEemPd5ZtCQMxVQ"], ["sequenceFlow", [[440, 420], [440, 480]], "_InLZJ_vCEemPd5ZtCQMxVQ", "_InLZJvvCEemPd5ZtCQMxVQ", "_InLZKfvCEemPd5ZtCQMxVQ"], ["sequenceFlow", [[390, 540], [390, 600]], "_InLZK_vCEemPd5ZtCQMxVQ", "_InLZKfvCEemPd5ZtCQMxVQ", "_InLZMPvCEemPd5ZtCQMxVQ"], ["sequenceFlow", [[360, 510], [159, 510], [159, 600]], "_InLZKvvCEemPd5ZtCQMxVQ", "_InLZKfvCEemPd5ZtCQMxVQ", "_InLZLvvCEemPd5ZtCQMxVQ"]], "x_min": 60, "png": [632, 772], "jpeg": [680, 820], "id": "09690_00", "association_labels": [], "text_labels": [], "pool_labels": [], "y_min": 40, "project_id": "09690_00"}