{"shape_labels": [["task", [330, 180, 90, 60], "_R80Sx_vCEemPd5ZtCQMxVQ"], ["task", [1000, 882, 110, 60], "_R80S0_vCEemPd5ZtCQMxVQ"], ["intermediateThrowEvent_message", [870, 190, 35, 35], "_R80S0PvCEemPd5ZtCQMxVQ"], ["intermediateCatchEvent_message", [450, 570, 35, 35], "_R80Sy_vCEemPd5ZtCQMxVQ"], ["parallelGateway", [280, 572, 40, 40], "_R80S7_vCEemPd5ZtCQMxVQ"], ["eventBasedGateway", [490, 190, 40, 40], "_R80S4PvCEemPd5ZtCQMxVQ"], ["task", [670, 280, 120, 60], "_R80SyvvCEemPd5ZtCQMxVQ"], ["lane", [70, 522, 1303, 190], "_R80S7vvCEemPd5ZtCQMxVQ"], ["task", [810, 882, 110, 60], "_R80Sz_vCEemPd5ZtCQMxVQ"], ["task", [1010, 180, 90, 60], "_R80S0vvCEemPd5ZtCQMxVQ"], ["lane", [70, 840, 1303, 130], "_R80S8vvCEemPd5ZtCQMxVQ"], ["task", [1150, 180, 90, 60], "_R80S6vvCEemPd5ZtCQMxVQ"], ["intermediateCatchEvent_timer", [580, 290, 35, 35], "_R80S5PvCEemPd5ZtCQMxVQ"], ["startEvent", [100, 190, 35, 35], "_R80S1fvCEemPd5ZtCQMxVQ"], ["dataStoreReference", [420, 280, 40, 45], "_R80S3_vCEemPd5ZtCQMxVQ"], ["endEvent_terminate", [1170, 890, 35, 35], "_R80S8_vCEemPd5ZtCQMxVQ"], ["task", [500, 742, 90, 60], "_R80S8fvCEemPd5ZtCQMxVQ"], ["startEvent_message", [150, 570, 35, 35], "_R80SyPvCEemPd5ZtCQMxVQ"], ["lane", [70, 712, 1303, 128], "_R80S8PvCEemPd5ZtCQMxVQ"], ["task", [560, 560, 100, 60], "_R80SzfvCEemPd5ZtCQMxVQ"], ["endEvent", [1290, 190, 35, 35], "_R80S7PvCEemPd5ZtCQMxVQ"], ["task", [190, 180, 90, 60], "_R80S1_vCEemPd5ZtCQMxVQ"]], "flow_labels": [["sequenceFlow", [[1110, 907], [1170, 907]], "_R80S_fvCEemPd5ZtCQMxVQ", "_R80S0_vCEemPd5ZtCQMxVQ", "_R80S8_vCEemPd5ZtCQMxVQ"], ["sequenceFlow", [[700, 340], [700, 378], [510, 378], [510, 230]], "_R80S4fvCEemPd5ZtCQMxVQ", "_R80SyvvCEemPd5ZtCQMxVQ", "_R80S4PvCEemPd5ZtCQMxVQ"], ["sequenceFlow", [[320, 588], [450, 588]], "_R80S9vvCEemPd5ZtCQMxVQ", "_R80S7_vCEemPd5ZtCQMxVQ", "_R80Sy_vCEemPd5ZtCQMxVQ"], ["messageFlow", [[887, 882], [887, 225]], "_R80SzvvCEemPd5ZtCQMxVQ", "_R80Sz_vCEemPd5ZtCQMxVQ", "_R80S0PvCEemPd5ZtCQMxVQ"], ["messageFlow", [[375, 240], [375, 371], [169, 371], [169, 570]], "_R80SxvvCEemPd5ZtCQMxVQ", "_R80Sx_vCEemPd5ZtCQMxVQ", "_R80SyPvCEemPd5ZtCQMxVQ"], ["sequenceFlow", [[530, 207], [870, 207]], "_R80S4_vCEemPd5ZtCQMxVQ", "_R80S4PvCEemPd5ZtCQMxVQ", "_R80S0PvCEemPd5ZtCQMxVQ"], ["sequenceFlow", [[610, 620], [610, 690], [390, 690], [390, 590], [450, 588]], "_R80S-PvCEemPd5ZtCQMxVQ", "_R80SzfvCEemPd5ZtCQMxVQ", "_R80Sy_vCEemPd5ZtCQMxVQ"], ["sequenceFlow", [[615, 307], [670, 307]], "_R80S5fvCEemPd5ZtCQMxVQ", "_R80S5PvCEemPd5ZtCQMxVQ", "_R80SyvvCEemPd5ZtCQMxVQ"], ["sequenceFlow", [[185, 588], [280, 588]], "_R80S9PvCEemPd5ZtCQMxVQ", "_R80SyPvCEemPd5ZtCQMxVQ", "_R80S7_vCEemPd5ZtCQMxVQ"], ["sequenceFlow", [[530, 210], [547, 210], [547, 312], [580, 312]], "_R80S4vvCEemPd5ZtCQMxVQ", "_R80S4PvCEemPd5ZtCQMxVQ", "_R80S5PvCEemPd5ZtCQMxVQ"], ["sequenceFlow", [[1240, 207], [1290, 207]], "_R80S6_vCEemPd5ZtCQMxVQ", "_R80S6vvCEemPd5ZtCQMxVQ", "_R80S7PvCEemPd5ZtCQMxVQ"], ["sequenceFlow", [[300, 612], [300, 769], [500, 769]], "_R80S9_vCEemPd5ZtCQMxVQ", "_R80S7_vCEemPd5ZtCQMxVQ", "_R80S8fvCEemPd5ZtCQMxVQ"], ["messageFlow", [[1076, 882], [1076, 240]], "_R80S1PvCEemPd5ZtCQMxVQ", "_R80S0_vCEemPd5ZtCQMxVQ", "_R80S0vvCEemPd5ZtCQMxVQ"], ["messageFlow", [[723, 340], [723, 456], [468, 456], [468, 570]], "_R80SyfvCEemPd5ZtCQMxVQ", "_R80SyvvCEemPd5ZtCQMxVQ", "_R80Sy_vCEemPd5ZtCQMxVQ"], ["sequenceFlow", [[420, 210], [490, 210]], "_R80S2fvCEemPd5ZtCQMxVQ", "_R80Sx_vCEemPd5ZtCQMxVQ", "_R80S4PvCEemPd5ZtCQMxVQ"], ["sequenceFlow", [[280, 210], [330, 210]], "_R80S2PvCEemPd5ZtCQMxVQ", "_R80S1_vCEemPd5ZtCQMxVQ", "_R80Sx_vCEemPd5ZtCQMxVQ"], ["sequenceFlow", [[590, 772], [700, 772], [700, 912], [810, 912]], "_R80S-_vCEemPd5ZtCQMxVQ", "_R80S8fvCEemPd5ZtCQMxVQ", "_R80Sz_vCEemPd5ZtCQMxVQ"], ["sequenceFlow", [[1100, 210], [1150, 210]], "_R80S6fvCEemPd5ZtCQMxVQ", "_R80S0vvCEemPd5ZtCQMxVQ", "_R80S6vvCEemPd5ZtCQMxVQ"], ["messageFlow", [[1025, 240], [1025, 882]], "_R80S0fvCEemPd5ZtCQMxVQ", "_R80S0vvCEemPd5ZtCQMxVQ", "_R80S0_vCEemPd5ZtCQMxVQ"], ["sequenceFlow", [[905, 207], [1010, 207]], "_R80S5_vCEemPd5ZtCQMxVQ", "_R80S0PvCEemPd5ZtCQMxVQ", "_R80S0vvCEemPd5ZtCQMxVQ"], ["messageFlow", [[610, 560], [610, 490], [758, 490], [758, 340]], "_R80SzPvCEemPd5ZtCQMxVQ", "_R80SzfvCEemPd5ZtCQMxVQ", "_R80SyvvCEemPd5ZtCQMxVQ"], ["sequenceFlow", [[135, 207], [190, 207]], "_R80S1vvCEemPd5ZtCQMxVQ", "_R80S1fvCEemPd5ZtCQMxVQ", "_R80S1_vCEemPd5ZtCQMxVQ"], ["sequenceFlow", [[485, 587], [560, 587]], "_R80S-fvCEemPd5ZtCQMxVQ", "_R80Sy_vCEemPd5ZtCQMxVQ", "_R80SzfvCEemPd5ZtCQMxVQ"], ["sequenceFlow", [[920, 912], [1000, 912]], "_R80S_PvCEemPd5ZtCQMxVQ", "_R80Sz_vCEemPd5ZtCQMxVQ", "_R80S0_vCEemPd5ZtCQMxVQ"]], "x_min": 40, "png": [862, 1345], "jpeg": [910, 1393], "id": "09649_00", "association_labels": [["dataOutputAssociation", [[395, 240], [423, 280]], "_R80S3vvCEemPd5ZtCQMxVQ", "_R80S2_vCEemPd5ZtCQMxVQ", "_R80S3_vCEemPd5ZtCQMxVQ"]], "text_labels": [["pizza received", [844, 229, 88, 14], "_R80S0PvCEemPd5ZtCQMxVQ"], ["Where is my pizza?", [424, 609, 88, 25], "_R80Sy_vCEemPd5ZtCQMxVQ"], ["60 minutes", [554, 329, 88, 14], "_R80S5PvCEemPd5ZtCQMxVQ"], ["Hungry for pizza", [74, 229, 88, 14], "_R80S1fvCEemPd5ZtCQMxVQ"], ["Database", [396, 329, 88, 14], "_R80S3_vCEemPd5ZtCQMxVQ"], ["End", [1144, 929, 88, 14], "_R80S8_vCEemPd5ZtCQMxVQ"], ["Order received", [124, 609, 88, 14], "_R80SyPvCEemPd5ZtCQMxVQ"], ["Hunger satisfied", [1264, 229, 88, 14], "_R80S7PvCEemPd5ZtCQMxVQ"], ["pizza order", [270, 353, 43, 25], "_R80SxvvCEemPd5ZtCQMxVQ"], ["receipt", [1091, 553, 21, 14], "_R80S1PvCEemPd5ZtCQMxVQ"], ["money", [985, 553, 20, 14], "_R80S0fvCEemPd5ZtCQMxVQ"]], "pool_labels": [["participant", [40, 120, 1333, 292], "_R80SwvvCEemPd5ZtCQMxVQ"], ["participant", [40, 522, 1333, 448], "_R80SxPvCEemPd5ZtCQMxVQ"]], "y_min": 120, "project_id": "09649_00"}