{"pool_labels": [["participant", [30, 780, 503, 151], "_NsnB1vvCEemPd5ZtCQMxVQ"], ["participant", [30, 350, 1135, 412], "_NsnB0vvCEemPd5ZtCQMxVQ"], ["participant", [30, 20, 1133, 302], "_NsnB2PvCEemPd5ZtCQMxVQ"]], "flow_labels": [["sequenceFlow", [[440, 450], [370, 450]], "_NsnB3fvCEemPd5ZtCQMxVQ", "_NsnB4fvCEemPd5ZtCQMxVQ", "_NsnB3PvCEemPd5ZtCQMxVQ"], ["sequenceFlow", [[480, 450], [560, 450]], "_NsnB4PvCEemPd5ZtCQMxVQ", "_NsnB4fvCEemPd5ZtCQMxVQ", "_NsnB3vvCEemPd5ZtCQMxVQ"], ["sequenceFlow", [[981, 430], [981, 380], [586, 380], [586, 420]], "_NsnB3_vCEemPd5ZtCQMxVQ", "_NsnB5vvCEemPd5ZtCQMxVQ", "_NsnB3vvCEemPd5ZtCQMxVQ"], ["sequenceFlow", [[960, 450], [780, 450]], "_NsnB4_vCEemPd5ZtCQMxVQ", "_NsnB5vvCEemPd5ZtCQMxVQ", "_NsnB4vvCEemPd5ZtCQMxVQ"], ["sequenceFlow", [[220, 450], [280, 450]], "_NsnB2_vCEemPd5ZtCQMxVQ", "_NsnB2vvCEemPd5ZtCQMxVQ", "_NsnB3PvCEemPd5ZtCQMxVQ"], ["sequenceFlow", [[1099, 470], [1099, 600], [920, 600]], "_NsnB6PvCEemPd5ZtCQMxVQ", "_NsnB6_vCEemPd5ZtCQMxVQ", "_NsnB5_vCEemPd5ZtCQMxVQ"], ["sequenceFlow", [[750, 580], [750, 490]], "_NsnB5PvCEemPd5ZtCQMxVQ", "_NsnB6fvCEemPd5ZtCQMxVQ", "_NsnB4vvCEemPd5ZtCQMxVQ"]], "jpeg": [971, 1195], "shape_labels": [["task", [830, 660, 90, 60], "_NsnB6vvCEemPd5ZtCQMxVQ"], ["task", [830, 570, 90, 60], "_NsnB5_vCEemPd5ZtCQMxVQ"], ["task", [820, 430, 90, 60], "_NsnB5fvCEemPd5ZtCQMxVQ"], ["eventBasedGateway", [730, 580, 40, 40], "_NsnB6fvCEemPd5ZtCQMxVQ"], ["task", [130, 420, 90, 63], "_NsnB2vvCEemPd5ZtCQMxVQ"], ["task", [560, 420, 90, 53], "_NsnB3vvCEemPd5ZtCQMxVQ"], ["eventBasedGateway", [960, 430, 40, 40], "_NsnB5vvCEemPd5ZtCQMxVQ"], ["task", [197, 857, 90, 60], "_NsnB7_vCEemPd5ZtCQMxVQ"], ["task", [100, 110, 90, 60], "_NsnB8PvCEemPd5ZtCQMxVQ"], ["eventBasedGateway", [440, 430, 40, 40], "_NsnB4fvCEemPd5ZtCQMxVQ"], ["task", [690, 430, 90, 60], "_NsnB4vvCEemPd5ZtCQMxVQ"], ["parallelGateway", [1080, 430, 40, 40], "_NsnB6_vCEemPd5ZtCQMxVQ"], ["task", [280, 420, 90, 60], "_NsnB3PvCEemPd5ZtCQMxVQ"]], "png": [923, 1147], "association_labels": [], "id": "09745_00", "text_labels": [["tudo ok?", [706, 624, 88, 14], "_NsnB6fvCEemPd5ZtCQMxVQ"], ["deu ruim ou classe incompleta?", [936, 474, 88, 36], "_NsnB5vvCEemPd5ZtCQMxVQ"], ["Todos os grupos de acordo?", [416, 474, 88, 25], "_NsnB4fvCEemPd5ZtCQMxVQ"], ["Testes com grupos", [1056, 474, 88, 25], "_NsnB6_vCEemPd5ZtCQMxVQ"], ["n\u00e3o", [395, 422, 6, 14], "_NsnB3fvCEemPd5ZtCQMxVQ"], ["modelo incompleto", [790, 383, 76, 25], "_NsnB3_vCEemPd5ZtCQMxVQ"], ["deu ruim", [875, 452, 29, 25], "_NsnB4_vCEemPd5ZtCQMxVQ"]], "y_min": 20, "project_id": "09745_00", "x_min": 30}