{"pool_labels": [["participant", [20, 20, 983, 714], "_QZfe-vvCEemPd5ZtCQMxVQ"]], "flow_labels": [["sequenceFlow", [[518, 95], [518, 160], [360, 160]], "_QZfe1fvCEemPd5ZtCQMxVQ", "_QZfe1PvCEemPd5ZtCQMxVQ", "_QZfe2fvCEemPd5ZtCQMxVQ"], ["sequenceFlow", [[615, 250], [615, 300]], "_QZfe7PvCEemPd5ZtCQMxVQ", "_QZfe6_vCEemPd5ZtCQMxVQ", "_QZfe9vvCEemPd5ZtCQMxVQ"], ["sequenceFlow", [[518, 95], [518, 220], [570, 220]], "_QZfe1vvCEemPd5ZtCQMxVQ", "_QZfe1PvCEemPd5ZtCQMxVQ", "_QZfe6_vCEemPd5ZtCQMxVQ"], ["sequenceFlow", [[270, 160], [165, 160], [165, 220]], "_QZfe2vvCEemPd5ZtCQMxVQ", "_QZfe2fvCEemPd5ZtCQMxVQ", "_QZfe5_vCEemPd5ZtCQMxVQ"], ["sequenceFlow", [[840, 145], [880, 145]], "_QZfe3_vCEemPd5ZtCQMxVQ", "_QZfe3PvCEemPd5ZtCQMxVQ", "_QZfe8fvCEemPd5ZtCQMxVQ"], ["sequenceFlow", [[165, 280], [165, 340]], "_QZfe5fvCEemPd5ZtCQMxVQ", "_QZfe5_vCEemPd5ZtCQMxVQ", "_QZfe5PvCEemPd5ZtCQMxVQ"], ["sequenceFlow", [[880, 261], [813, 261], [813, 170]], "_QZfe3vvCEemPd5ZtCQMxVQ", "_QZfe4fvCEemPd5ZtCQMxVQ", "_QZfe3PvCEemPd5ZtCQMxVQ"], ["sequenceFlow", [[660, 220], [705, 220], [705, 140], [750, 140]], "_QZfe3fvCEemPd5ZtCQMxVQ", "_QZfe6_vCEemPd5ZtCQMxVQ", "_QZfe3PvCEemPd5ZtCQMxVQ"], ["sequenceFlow", [[925, 180], [925, 230]], "_QZfe4vvCEemPd5ZtCQMxVQ", "_QZfe8fvCEemPd5ZtCQMxVQ", "_QZfe4fvCEemPd5ZtCQMxVQ"]], "jpeg": [774, 1043], "shape_labels": [["userTask", [270, 130, 90, 60], "_QZfe2fvCEemPd5ZtCQMxVQ"], ["startEvent_timer", [500, 60, 35, 35], "_QZfe1PvCEemPd5ZtCQMxVQ"], ["businessRuleTask", [120, 220, 90, 60], "_QZfe5_vCEemPd5ZtCQMxVQ"], ["userTask", [570, 300, 90, 60], "_QZfe9vvCEemPd5ZtCQMxVQ"], ["businessRuleTask", [880, 120, 90, 60], "_QZfe8fvCEemPd5ZtCQMxVQ"], ["userTask", [570, 190, 90, 60], "_QZfe6_vCEemPd5ZtCQMxVQ"], ["userTask", [750, 110, 90, 60], "_QZfe3PvCEemPd5ZtCQMxVQ"], ["userTask", [880, 230, 90, 60], "_QZfe4fvCEemPd5ZtCQMxVQ"], ["userTask", [120, 340, 90, 60], "_QZfe5PvCEemPd5ZtCQMxVQ"]], "png": [726, 995], "association_labels": [], "id": "09550_00", "text_labels": [["\u0e40\u0e0b\u0e47\u0e19\u0e2a\u0e31\u0e0d\u0e0d\u0e32 (\u0e2a\u0e31\u0e48\u0e07\u0e08\u0e49\u0e32\u0e07/\u0e2a\u0e31\u0e48\u0e07\u0e0b\u0e37\u0e49\u0e2d)", [464, 99, 108, 25], "_QZfe1PvCEemPd5ZtCQMxVQ"], ["\u0e2d\u0e19\u0e38\u0e21\u0e31\u0e15\u0e34", [819, 229, 38, 14], "_QZfe3vvCEemPd5ZtCQMxVQ"]], "y_min": 20, "project_id": "09550_00", "x_min": 20}