{"shape_labels": [["startEvent_message", [100, 140, 35, 35], "_cLr6j_vCEemPd5ZtCQMxVQ"], ["parallelGateway", [400, 490, 40, 40], "_cLr6mvvCEemPd5ZtCQMxVQ"], ["serviceTask", [660, 130, 120, 60], "_cLr6jfvCEemPd5ZtCQMxVQ"], ["sendTask", [500, 440, 90, 60], "_cLr6nPvCEemPd5ZtCQMxVQ"], ["userTask", [470, 130, 140, 60], "_cLr6lPvCEemPd5ZtCQMxVQ"], ["receiveTask", [100, 480, 90, 60], "_cLr6jvvCEemPd5ZtCQMxVQ"], ["userTask", [260, 130, 120, 60], "_cLr6kvvCEemPd5ZtCQMxVQ"], ["serviceTask", [890, 230, 140, 60], "_cLr6lvvCEemPd5ZtCQMxVQ"], ["userTask", [250, 480, 90, 60], "_cLr6mPvCEemPd5ZtCQMxVQ"]], "flow_labels": [["sequenceFlow", [[440, 495], [500, 495]], "_cLr6m_vCEemPd5ZtCQMxVQ", "_cLr6mvvCEemPd5ZtCQMxVQ", "_cLr6nPvCEemPd5ZtCQMxVQ"], ["sequenceFlow", [[190, 510], [250, 510]], "_cLr6l_vCEemPd5ZtCQMxVQ", "_cLr6jvvCEemPd5ZtCQMxVQ", "_cLr6mPvCEemPd5ZtCQMxVQ"], ["sequenceFlow", [[340, 510], [400, 510]], "_cLr6mfvCEemPd5ZtCQMxVQ", "_cLr6mPvCEemPd5ZtCQMxVQ", "_cLr6mvvCEemPd5ZtCQMxVQ"], ["messageFlow", [[720, 190], [720, 335], [145, 335], [145, 480]], "_cLr6jPvCEemPd5ZtCQMxVQ", "_cLr6jfvCEemPd5ZtCQMxVQ", "_cLr6jvvCEemPd5ZtCQMxVQ"], ["sequenceFlow", [[135, 157], [260, 157]], "_cLr6kPvCEemPd5ZtCQMxVQ", "_cLr6j_vCEemPd5ZtCQMxVQ", "_cLr6kvvCEemPd5ZtCQMxVQ"], ["sequenceFlow", [[610, 160], [660, 160]], "_cLr6lfvCEemPd5ZtCQMxVQ", "_cLr6lPvCEemPd5ZtCQMxVQ", "_cLr6jfvCEemPd5ZtCQMxVQ"], ["sequenceFlow", [[380, 160], [470, 160]], "_cLr6k_vCEemPd5ZtCQMxVQ", "_cLr6kvvCEemPd5ZtCQMxVQ", "_cLr6lPvCEemPd5ZtCQMxVQ"]], "x_min": 20, "png": [714, 1125], "jpeg": [762, 1173], "id": "09678_00", "association_labels": [], "text_labels": [["Ricezione chiamata", [74, 179, 88, 25], "_cLr6j_vCEemPd5ZtCQMxVQ"]], "pool_labels": [["participant", [20, 20, 1113, 304], "_cLr6iPvCEemPd5ZtCQMxVQ"], ["participant", [20, 420, 833, 302], "_cLr6ivvCEemPd5ZtCQMxVQ"]], "y_min": 20, "project_id": "09678_00"}