{"pool_labels": [], "flow_labels": [["sequenceFlow", [[360, 290], [380, 290]], "_Tn9mAfvCEemPd5ZtCQMxVQ", "_Tn9mAPvCEemPd5ZtCQMxVQ", "_Tn9mAvvCEemPd5ZtCQMxVQ"], ["sequenceFlow", [[360, 200], [1058, 200], [1058, 230]], "_Tn9l__vCEemPd5ZtCQMxVQ", "_Tn9l_vvCEemPd5ZtCQMxVQ", "_Tn9mCvvCEemPd5ZtCQMxVQ"], ["sequenceFlow", [[240, 200], [270, 200]], "_Tn9l_fvCEemPd5ZtCQMxVQ", "_Tn9l-_vCEemPd5ZtCQMxVQ", "_Tn9l_vvCEemPd5ZtCQMxVQ"], ["sequenceFlow", [[975, 440], [975, 270]], "_Tn9mF_vCEemPd5ZtCQMxVQ", "_Tn9mIvvCEemPd5ZtCQMxVQ", "_Tn9mFfvCEemPd5ZtCQMxVQ"], ["sequenceFlow", [[510, 130], [1058, 130], [1058, 230]], "_Tn9mCfvCEemPd5ZtCQMxVQ", "_Tn9mCPvCEemPd5ZtCQMxVQ", "_Tn9mCvvCEemPd5ZtCQMxVQ"], ["sequenceFlow", [[890, 460], [930, 460]], "_Tn9mIPvCEemPd5ZtCQMxVQ", "_Tn9mH_vCEemPd5ZtCQMxVQ", "_Tn9mIvvCEemPd5ZtCQMxVQ"], ["sequenceFlow", [[645, 340], [645, 310]], "_Tn9mD_vCEemPd5ZtCQMxVQ", "_Tn9mDvvCEemPd5ZtCQMxVQ", "_Tn9mEPvCEemPd5ZtCQMxVQ"], ["sequenceFlow", [[220, 220], [220, 290], [270, 290]], "_Tn9l_PvCEemPd5ZtCQMxVQ", "_Tn9l-_vCEemPd5ZtCQMxVQ", "_Tn9mAPvCEemPd5ZtCQMxVQ"], ["sequenceFlow", [[65, 122], [80, 122]], "_Tn9l8_vCEemPd5ZtCQMxVQ", "_Tn9l9vvCEemPd5ZtCQMxVQ", "_Tn9l8vvCEemPd5ZtCQMxVQ"], ["sequenceFlow", [[120, 130], [180, 130]], "_Tn9l9PvCEemPd5ZtCQMxVQ", "_Tn9l8vvCEemPd5ZtCQMxVQ", "_Tn9l-fvCEemPd5ZtCQMxVQ"], ["sequenceFlow", [[150, 200], [165, 200], [165, 130], [180, 130]], "_Tn9l-PvCEemPd5ZtCQMxVQ", "_Tn9l9_vCEemPd5ZtCQMxVQ", "_Tn9l-fvCEemPd5ZtCQMxVQ"], ["sequenceFlow", [[690, 295], [730, 295]], "_Tn9mEfvCEemPd5ZtCQMxVQ", "_Tn9mEPvCEemPd5ZtCQMxVQ", "_Tn9mEvvCEemPd5ZtCQMxVQ"], ["sequenceFlow", [[750, 320], [750, 350]], "_Tn9mE_vCEemPd5ZtCQMxVQ", "_Tn9mEvvCEemPd5ZtCQMxVQ", "_Tn9mGfvCEemPd5ZtCQMxVQ"], ["sequenceFlow", [[900, 300], [915, 300], [915, 250], [930, 250]], "_Tn9mGPvCEemPd5ZtCQMxVQ", "_Tn9mHPvCEemPd5ZtCQMxVQ", "_Tn9mFfvCEemPd5ZtCQMxVQ"], ["sequenceFlow", [[770, 370], [860, 370]], "_Tn9mGvvCEemPd5ZtCQMxVQ", "_Tn9mGfvCEemPd5ZtCQMxVQ", "_Tn9mIfvCEemPd5ZtCQMxVQ"], ["sequenceFlow", [[770, 460], [800, 460]], "_Tn9mHvvCEemPd5ZtCQMxVQ", "_Tn9mHfvCEemPd5ZtCQMxVQ", "_Tn9mH_vCEemPd5ZtCQMxVQ"], ["sequenceFlow", [[750, 390], [750, 440]], "_Tn9mG_vCEemPd5ZtCQMxVQ", "_Tn9mGfvCEemPd5ZtCQMxVQ", "_Tn9mHfvCEemPd5ZtCQMxVQ"], ["sequenceFlow", [[400, 270], [400, 130], [470, 130]], "_Tn9mA_vCEemPd5ZtCQMxVQ", "_Tn9mAvvCEemPd5ZtCQMxVQ", "_Tn9mCPvCEemPd5ZtCQMxVQ"], ["sequenceFlow", [[100, 150], [100, 180]], "_Tn9l9fvCEemPd5ZtCQMxVQ", "_Tn9l8vvCEemPd5ZtCQMxVQ", "_Tn9l9_vCEemPd5ZtCQMxVQ"], ["sequenceFlow", [[505, 310], [505, 340]], "_Tn9mB_vCEemPd5ZtCQMxVQ", "_Tn9mBfvCEemPd5ZtCQMxVQ", "_Tn9mDPvCEemPd5ZtCQMxVQ"], ["sequenceFlow", [[770, 300], [810, 300]], "_Tn9mFPvCEemPd5ZtCQMxVQ", "_Tn9mEvvCEemPd5ZtCQMxVQ", "_Tn9mHPvCEemPd5ZtCQMxVQ"], ["sequenceFlow", [[540, 360], [600, 360]], "_Tn9mDfvCEemPd5ZtCQMxVQ", "_Tn9mDPvCEemPd5ZtCQMxVQ", "_Tn9mDvvCEemPd5ZtCQMxVQ"], ["sequenceFlow", [[940, 350], [940, 270]], "_Tn9mFvvCEemPd5ZtCQMxVQ", "_Tn9mIfvCEemPd5ZtCQMxVQ", "_Tn9mFfvCEemPd5ZtCQMxVQ"], ["sequenceFlow", [[490, 150], [490, 270]], "_Tn9mBvvCEemPd5ZtCQMxVQ", "_Tn9mCPvCEemPd5ZtCQMxVQ", "_Tn9mBfvCEemPd5ZtCQMxVQ"], ["sequenceFlow", [[220, 150], [220, 180]], "_Tn9l-vvCEemPd5ZtCQMxVQ", "_Tn9l-fvCEemPd5ZtCQMxVQ", "_Tn9l-_vCEemPd5ZtCQMxVQ"], ["sequenceFlow", [[1020, 247], [1040, 247]], "_Tn9mC_vCEemPd5ZtCQMxVQ", "_Tn9mFfvCEemPd5ZtCQMxVQ", "_Tn9mCvvCEemPd5ZtCQMxVQ"], ["sequenceFlow", [[420, 290], [470, 290]], "_Tn9mBPvCEemPd5ZtCQMxVQ", "_Tn9mAvvCEemPd5ZtCQMxVQ", "_Tn9mBfvCEemPd5ZtCQMxVQ"]], "jpeg": [440, 1170], "shape_labels": [["callActivity", [800, 440, 90, 40], "_Tn9mH_vCEemPd5ZtCQMxVQ"], ["callActivity", [680, 440, 90, 40], "_Tn9mHfvCEemPd5ZtCQMxVQ"], ["callActivity", [810, 280, 90, 40], "_Tn9mHPvCEemPd5ZtCQMxVQ"], ["callActivity", [860, 350, 90, 40], "_Tn9mIfvCEemPd5ZtCQMxVQ"], ["exclusiveGateway", [730, 350, 40, 40], "_Tn9mGfvCEemPd5ZtCQMxVQ"], ["startEvent", [30, 100, 35, 35], "_Tn9l9vvCEemPd5ZtCQMxVQ"], ["callActivity", [930, 440, 90, 40], "_Tn9mIvvCEemPd5ZtCQMxVQ"], ["exclusiveGateway", [200, 180, 40, 40], "_Tn9l-_vCEemPd5ZtCQMxVQ"], ["callActivity", [270, 180, 90, 40], "_Tn9l_vvCEemPd5ZtCQMxVQ"], ["callActivity", [270, 270, 90, 40], "_Tn9mAPvCEemPd5ZtCQMxVQ"], ["exclusiveGateway", [730, 280, 40, 40], "_Tn9mEvvCEemPd5ZtCQMxVQ"], ["callActivity", [930, 230, 90, 40], "_Tn9mFfvCEemPd5ZtCQMxVQ"], ["callActivity", [180, 110, 90, 40], "_Tn9l-fvCEemPd5ZtCQMxVQ"], ["endEvent", [1040, 230, 35, 35], "_Tn9mCvvCEemPd5ZtCQMxVQ"], ["callActivity", [470, 270, 90, 40], "_Tn9mBfvCEemPd5ZtCQMxVQ"], ["exclusiveGateway", [80, 110, 40, 40], "_Tn9l8vvCEemPd5ZtCQMxVQ"], ["callActivity", [600, 340, 90, 40], "_Tn9mDvvCEemPd5ZtCQMxVQ"], ["callActivity", [600, 270, 90, 40], "_Tn9mEPvCEemPd5ZtCQMxVQ"], ["exclusiveGateway", [470, 110, 40, 40], "_Tn9mCPvCEemPd5ZtCQMxVQ"], ["callActivity", [60, 180, 90, 40], "_Tn9l9_vCEemPd5ZtCQMxVQ"], ["exclusiveGateway", [380, 270, 40, 40], "_Tn9mAvvCEemPd5ZtCQMxVQ"], ["callActivity", [450, 340, 90, 40], "_Tn9mDPvCEemPd5ZtCQMxVQ"]], "png": [392, 1097], "association_labels": [], "id": "09638_00", "text_labels": [["czy urzadzenie do naprawy", [706, 394, 88, 25], "_Tn9mGfvCEemPd5ZtCQMxVQ"], ["zg\u0142oszenie usterki", [4, 139, 88, 25], "_Tn9l9vvCEemPd5ZtCQMxVQ"], ["czy do usuni\u0119cia telefonicznie", [176, 224, 88, 25], "_Tn9l-_vCEemPd5ZtCQMxVQ"], ["czy konieczna wymiana", [706, 324, 88, 25], "_Tn9mEvvCEemPd5ZtCQMxVQ"], ["zakonczenie obs\u0142ugi serwisowej", [1014, 269, 88, 36], "_Tn9mCvvCEemPd5ZtCQMxVQ"], ["czy telefonicznie", [56, 154, 88, 14], "_Tn9l8vvCEemPd5ZtCQMxVQ"], ["zgoda na naprawe", [446, 154, 88, 25], "_Tn9mCPvCEemPd5ZtCQMxVQ"], ["usluga gwarancyjna", [356, 314, 88, 25], "_Tn9mAvvCEemPd5ZtCQMxVQ"], ["tak", [261, 204, 2, 14], "_Tn9l_fvCEemPd5ZtCQMxVQ"], ["nie", [1064, 173, 2, 14], "_Tn9mCfvCEemPd5ZtCQMxVQ"], ["nie", [211, 244, 2, 14], "_Tn9l_PvCEemPd5ZtCQMxVQ"], ["tak", [115, 112, 2, 14], "_Tn9l9PvCEemPd5ZtCQMxVQ"], ["tak", [756, 337, 2, 14], "_Tn9mE_vCEemPd5ZtCQMxVQ"], ["nie", [796, 352, 2, 14], "_Tn9mGvvCEemPd5ZtCQMxVQ"], ["nie", [406, 193, 2, 14], "_Tn9mA_vCEemPd5ZtCQMxVQ"], ["nie", [83, 165, 2, 14], "_Tn9l9fvCEemPd5ZtCQMxVQ"], ["nie", [788, 282, 2, 14], "_Tn9mFPvCEemPd5ZtCQMxVQ"], ["tak", [496, 213, 2, 14], "_Tn9mBvvCEemPd5ZtCQMxVQ"], ["tak", [451, 293, 2, 14], "_Tn9mBPvCEemPd5ZtCQMxVQ"]], "y_min": 100, "project_id": "09638_00", "x_min": 4}