{"shape_labels": [["callActivity", [360, 220, 150, 60], "_H7vPbPvCEemPd5ZtCQMxVQ"], ["callActivity", [360, 420, 150, 60], "_H7vPcfvCEemPd5ZtCQMxVQ"], ["callActivity", [360, 120, 150, 60], "_H7vPZPvCEemPd5ZtCQMxVQ"], ["startEvent", [420, 40, 35, 35], "_H7vPYvvCEemPd5ZtCQMxVQ"], ["intermediateCatchEvent_timer", [710, 330, 35, 35], "_H7vPePvCEemPd5ZtCQMxVQ"], ["intermediateCatchEvent_timer", [420, 330, 35, 35], "_H7vPbvvCEemPd5ZtCQMxVQ"], ["callActivity", [610, 520, 150, 60], "_H7vPdvvCEemPd5ZtCQMxVQ"], ["intermediateCatchEvent_timer", [630, 230, 35, 35], "_H7vPafvCEemPd5ZtCQMxVQ"], ["intermediateCatchEvent_timer", [420, 530, 35, 35], "_H7vPc_vCEemPd5ZtCQMxVQ"], ["callActivity", [610, 120, 150, 60], "_H7vPZvvCEemPd5ZtCQMxVQ"]], "flow_labels": [["sequenceFlow", [[647, 180], [647, 230]], "_H7vPaPvCEemPd5ZtCQMxVQ", "_H7vPZvvCEemPd5ZtCQMxVQ", "_H7vPafvCEemPd5ZtCQMxVQ"], ["sequenceFlow", [[455, 547], [610, 547]], "_H7vPdPvCEemPd5ZtCQMxVQ", "_H7vPc_vCEemPd5ZtCQMxVQ", "_H7vPdvvCEemPd5ZtCQMxVQ"], ["sequenceFlow", [[727, 330], [727, 180]], "_H7vPZ_vCEemPd5ZtCQMxVQ", "_H7vPePvCEemPd5ZtCQMxVQ", "_H7vPZvvCEemPd5ZtCQMxVQ"], ["sequenceFlow", [[437, 75], [437, 120]], "_H7vPY_vCEemPd5ZtCQMxVQ", "_H7vPYvvCEemPd5ZtCQMxVQ", "_H7vPZPvCEemPd5ZtCQMxVQ"], ["sequenceFlow", [[437, 280], [437, 330]], "_H7vPbfvCEemPd5ZtCQMxVQ", "_H7vPbPvCEemPd5ZtCQMxVQ", "_H7vPbvvCEemPd5ZtCQMxVQ"], ["sequenceFlow", [[437, 480], [437, 530]], "_H7vPcvvCEemPd5ZtCQMxVQ", "_H7vPcfvCEemPd5ZtCQMxVQ", "_H7vPc_vCEemPd5ZtCQMxVQ"], ["sequenceFlow", [[437, 365], [437, 420]], "_H7vPb_vCEemPd5ZtCQMxVQ", "_H7vPbvvCEemPd5ZtCQMxVQ", "_H7vPcfvCEemPd5ZtCQMxVQ"], ["sequenceFlow", [[630, 247], [510, 247]], "_H7vPavvCEemPd5ZtCQMxVQ", "_H7vPafvCEemPd5ZtCQMxVQ", "_H7vPbPvCEemPd5ZtCQMxVQ"], ["sequenceFlow", [[510, 150], [610, 150]], "_H7vPZfvCEemPd5ZtCQMxVQ", "_H7vPZPvCEemPd5ZtCQMxVQ", "_H7vPZvvCEemPd5ZtCQMxVQ"], ["sequenceFlow", [[727, 520], [727, 365]], "_H7vPd_vCEemPd5ZtCQMxVQ", "_H7vPdvvCEemPd5ZtCQMxVQ", "_H7vPePvCEemPd5ZtCQMxVQ"]], "x_min": 360, "png": [565, 412], "jpeg": [608, 478], "id": "09687_00", "association_labels": [], "text_labels": [["Inicio", [394, 79, 88, 14], "_H7vPYvvCEemPd5ZtCQMxVQ"], ["espera V2     segundos", [684, 369, 88, 25], "_H7vPePvCEemPd5ZtCQMxVQ"], ["espera V1 segundos", [394, 369, 88, 25], "_H7vPbvvCEemPd5ZtCQMxVQ"], ["espera RR segundos", [604, 269, 88, 25], "_H7vPafvCEemPd5ZtCQMxVQ"], ["espera RR segundos", [394, 569, 88, 25], "_H7vPc_vCEemPd5ZtCQMxVQ"]], "pool_labels": [], "y_min": 40, "project_id": "09687_00"}