{"shape_labels": [["receiveTask", [750, 120, 100, 60], "_OTPkCvvCEemPd5ZtCQMxVQ"], ["receiveTask", [210, 320, 90, 60], "_OTPkEvvCEemPd5ZtCQMxVQ"], ["startEvent", [110, 130, 35, 35], "_OTPkAvvCEemPd5ZtCQMxVQ"], ["group", [530, 60, 360, 380], "_OTPkGfvCEemPd5ZtCQMxVQ"], ["endEvent", [920, 130, 35, 35], "_OTPkC_vCEemPd5ZtCQMxVQ"], ["endEvent", [920, 330, 35, 35], "_OTPkH_vCEemPd5ZtCQMxVQ"], ["sendTask", [390, 320, 80, 60], "_OTPkFPvCEemPd5ZtCQMxVQ"], ["sendTask", [210, 120, 90, 60], "_OTPkBPvCEemPd5ZtCQMxVQ"], ["startEvent", [100, 330, 35, 35], "_OTPkG_vCEemPd5ZtCQMxVQ"], ["sendTask", [600, 120, 90, 60], "_OTPkCPvCEemPd5ZtCQMxVQ"], ["sendTask", [760, 320, 90, 60], "_OTPkGPvCEemPd5ZtCQMxVQ"], ["receiveTask", [380, 120, 90, 60], "_OTPkBvvCEemPd5ZtCQMxVQ"], ["receiveTask", [600, 320, 90, 60], "_OTPkFvvCEemPd5ZtCQMxVQ"]], "flow_labels": [["sequenceFlow", [[690, 350], [760, 350]], "_OTPkIfvCEemPd5ZtCQMxVQ", "_OTPkFvvCEemPd5ZtCQMxVQ", "_OTPkGPvCEemPd5ZtCQMxVQ"], ["messageFlow", [[255, 180], [255, 320]], "_OTPkEfvCEemPd5ZtCQMxVQ", "_OTPkBPvCEemPd5ZtCQMxVQ", "_OTPkEvvCEemPd5ZtCQMxVQ"], ["sequenceFlow", [[135, 347], [210, 347]], "_OTPkHPvCEemPd5ZtCQMxVQ", "_OTPkG_vCEemPd5ZtCQMxVQ", "_OTPkEvvCEemPd5ZtCQMxVQ"], ["sequenceFlow", [[300, 350], [390, 350]], "_OTPkHfvCEemPd5ZtCQMxVQ", "_OTPkEvvCEemPd5ZtCQMxVQ", "_OTPkFPvCEemPd5ZtCQMxVQ"], ["sequenceFlow", [[850, 147], [920, 147]], "_OTPkDPvCEemPd5ZtCQMxVQ", "_OTPkCvvCEemPd5ZtCQMxVQ", "_OTPkC_vCEemPd5ZtCQMxVQ"], ["messageFlow", [[430, 320], [430, 180]], "_OTPkE_vCEemPd5ZtCQMxVQ", "_OTPkFPvCEemPd5ZtCQMxVQ", "_OTPkBvvCEemPd5ZtCQMxVQ"], ["sequenceFlow", [[470, 150], [600, 150]], "_OTPkB_vCEemPd5ZtCQMxVQ", "_OTPkBvvCEemPd5ZtCQMxVQ", "_OTPkCPvCEemPd5ZtCQMxVQ"], ["sequenceFlow", [[690, 150], [750, 150]], "_OTPkCfvCEemPd5ZtCQMxVQ", "_OTPkCPvCEemPd5ZtCQMxVQ", "_OTPkCvvCEemPd5ZtCQMxVQ"], ["sequenceFlow", [[145, 147], [210, 147]], "_OTPkA_vCEemPd5ZtCQMxVQ", "_OTPkAvvCEemPd5ZtCQMxVQ", "_OTPkBPvCEemPd5ZtCQMxVQ"], ["messageFlow", [[805, 320], [805, 180]], "_OTPkF_vCEemPd5ZtCQMxVQ", "_OTPkGPvCEemPd5ZtCQMxVQ", "_OTPkCvvCEemPd5ZtCQMxVQ"], ["sequenceFlow", [[850, 347], [920, 347]], "_OTPkIPvCEemPd5ZtCQMxVQ", "_OTPkGPvCEemPd5ZtCQMxVQ", "_OTPkH_vCEemPd5ZtCQMxVQ"], ["sequenceFlow", [[470, 350], [600, 350]], "_OTPkHvvCEemPd5ZtCQMxVQ", "_OTPkFPvCEemPd5ZtCQMxVQ", "_OTPkFvvCEemPd5ZtCQMxVQ"], ["messageFlow", [[645, 180], [645, 320]], "_OTPkFfvCEemPd5ZtCQMxVQ", "_OTPkCPvCEemPd5ZtCQMxVQ", "_OTPkFvvCEemPd5ZtCQMxVQ"], ["sequenceFlow", [[300, 150], [380, 150]], "_OTPkBfvCEemPd5ZtCQMxVQ", "_OTPkBPvCEemPd5ZtCQMxVQ", "_OTPkBvvCEemPd5ZtCQMxVQ"]], "x_min": 40, "png": [392, 975], "jpeg": [440, 1023], "id": "09623_00", "association_labels": [], "text_labels": [["Illness occurs", [84, 169, 88, 14], "_OTPkAvvCEemPd5ZtCQMxVQ"], ["I want to see doctor", [155, 242, 85, 25], "_OTPkEfvCEemPd5ZtCQMxVQ"], ["Go see doctor", [355, 242, 57, 25], "_OTPkE_vCEemPd5ZtCQMxVQ"], ["Here is your medicine", [695, 242, 92, 25], "_OTPkF_vCEemPd5ZtCQMxVQ"], ["I need my medicine", [545, 242, 79, 25], "_OTPkFfvCEemPd5ZtCQMxVQ"]], "pool_labels": [["participant", [40, 280, 963, 142], "_OTPkD_vCEemPd5ZtCQMxVQ"], ["participant", [40, 80, 963, 142], "_OTPkDvvCEemPd5ZtCQMxVQ"]], "y_min": 60, "project_id": "09623_00"}