{"shape_labels": [["eventBasedGateway", [490, 210, 40, 40], "_H5vEYPvCEemPd5ZtCQMxVQ"], ["startEvent", [100, 210, 35, 35], "_H5vEVfvCEemPd5ZtCQMxVQ"], ["dataStoreReference", [420, 300, 40, 45], "_H5vEX_vCEemPd5ZtCQMxVQ"], ["lane", [70, 840, 1303, 130], "_H5vEcvvCEemPd5ZtCQMxVQ"], ["task", [810, 882, 110, 60], "_H5vET_vCEemPd5ZtCQMxVQ"], ["task", [670, 300, 120, 60], "_H5vESvvCEemPd5ZtCQMxVQ"], ["task", [500, 742, 90, 60], "_H5vEcfvCEemPd5ZtCQMxVQ"], ["parallelGateway", [280, 572, 40, 40], "_H5vEb_vCEemPd5ZtCQMxVQ"], ["intermediateCatchEvent_message", [450, 570, 35, 35], "_H5vES_vCEemPd5ZtCQMxVQ"], ["lane", [70, 522, 1303, 190], "_H5vEbvvCEemPd5ZtCQMxVQ"], ["task", [1010, 200, 90, 60], "_H5vEUvvCEemPd5ZtCQMxVQ"], ["intermediateCatchEvent_timer", [580, 310, 35, 35], "_H5vEZPvCEemPd5ZtCQMxVQ"], ["intermediateThrowEvent_message", [870, 210, 35, 35], "_H5vEUPvCEemPd5ZtCQMxVQ"], ["task", [330, 200, 90, 60], "_H5vER_vCEemPd5ZtCQMxVQ"], ["lane", [70, 712, 1303, 128], "_H5vEcPvCEemPd5ZtCQMxVQ"], ["task", [190, 200, 90, 60], "_H5vEV_vCEemPd5ZtCQMxVQ"], ["task", [1000, 882, 110, 60], "_H5vEU_vCEemPd5ZtCQMxVQ"], ["task", [560, 562, 100, 60], "_H5vETfvCEemPd5ZtCQMxVQ"], ["startEvent_message", [150, 570, 35, 35], "_H5vESPvCEemPd5ZtCQMxVQ"], ["endEvent", [1290, 210, 35, 35], "_H5vEbPvCEemPd5ZtCQMxVQ"], ["endEvent_terminate", [1170, 890, 35, 35], "_H5vEc_vCEemPd5ZtCQMxVQ"], ["task", [1150, 200, 90, 60], "_H5vEavvCEemPd5ZtCQMxVQ"]], "flow_labels": [["sequenceFlow", [[700, 360], [700, 398], [510, 398], [510, 250]], "_H5vEYfvCEemPd5ZtCQMxVQ", "_H5vESvvCEemPd5ZtCQMxVQ", "_H5vEYPvCEemPd5ZtCQMxVQ"], ["sequenceFlow", [[300, 612], [300, 769], [500, 769]], "_H5vEd_vCEemPd5ZtCQMxVQ", "_H5vEb_vCEemPd5ZtCQMxVQ", "_H5vEcfvCEemPd5ZtCQMxVQ"], ["sequenceFlow", [[280, 230], [330, 230]], "_H5vEWPvCEemPd5ZtCQMxVQ", "_H5vEV_vCEemPd5ZtCQMxVQ", "_H5vER_vCEemPd5ZtCQMxVQ"], ["sequenceFlow", [[135, 227], [190, 227]], "_H5vEVvvCEemPd5ZtCQMxVQ", "_H5vEVfvCEemPd5ZtCQMxVQ", "_H5vEV_vCEemPd5ZtCQMxVQ"], ["sequenceFlow", [[590, 772], [700, 772], [700, 912], [810, 912]], "_H5vEe_vCEemPd5ZtCQMxVQ", "_H5vEcfvCEemPd5ZtCQMxVQ", "_H5vET_vCEemPd5ZtCQMxVQ"], ["messageFlow", [[887, 882], [887, 245]], "_H5vETvvCEemPd5ZtCQMxVQ", "_H5vET_vCEemPd5ZtCQMxVQ", "_H5vEUPvCEemPd5ZtCQMxVQ"], ["messageFlow", [[723, 360], [723, 466], [468, 466], [468, 570]], "_H5vESfvCEemPd5ZtCQMxVQ", "_H5vESvvCEemPd5ZtCQMxVQ", "_H5vES_vCEemPd5ZtCQMxVQ"], ["messageFlow", [[1025, 260], [1025, 882]], "_H5vEUfvCEemPd5ZtCQMxVQ", "_H5vEUvvCEemPd5ZtCQMxVQ", "_H5vEU_vCEemPd5ZtCQMxVQ"], ["sequenceFlow", [[905, 227], [1010, 227]], "_H5vEZ_vCEemPd5ZtCQMxVQ", "_H5vEUPvCEemPd5ZtCQMxVQ", "_H5vEUvvCEemPd5ZtCQMxVQ"], ["sequenceFlow", [[185, 588], [280, 588]], "_H5vEdPvCEemPd5ZtCQMxVQ", "_H5vESPvCEemPd5ZtCQMxVQ", "_H5vEb_vCEemPd5ZtCQMxVQ"], ["sequenceFlow", [[485, 587], [560, 587]], "_H5vEefvCEemPd5ZtCQMxVQ", "_H5vES_vCEemPd5ZtCQMxVQ", "_H5vETfvCEemPd5ZtCQMxVQ"], ["messageFlow", [[375, 260], [375, 381], [169, 381], [169, 570]], "_H5vERvvCEemPd5ZtCQMxVQ", "_H5vER_vCEemPd5ZtCQMxVQ", "_H5vESPvCEemPd5ZtCQMxVQ"], ["sequenceFlow", [[920, 912], [1000, 912]], "_H5vEfPvCEemPd5ZtCQMxVQ", "_H5vET_vCEemPd5ZtCQMxVQ", "_H5vEU_vCEemPd5ZtCQMxVQ"], ["sequenceFlow", [[530, 230], [547, 230], [547, 332], [580, 332]], "_H5vEYvvCEemPd5ZtCQMxVQ", "_H5vEYPvCEemPd5ZtCQMxVQ", "_H5vEZPvCEemPd5ZtCQMxVQ"], ["sequenceFlow", [[320, 588], [450, 588]], "_H5vEdvvCEemPd5ZtCQMxVQ", "_H5vEb_vCEemPd5ZtCQMxVQ", "_H5vES_vCEemPd5ZtCQMxVQ"], ["sequenceFlow", [[615, 327], [670, 327]], "_H5vEZfvCEemPd5ZtCQMxVQ", "_H5vEZPvCEemPd5ZtCQMxVQ", "_H5vESvvCEemPd5ZtCQMxVQ"], ["sequenceFlow", [[1240, 227], [1290, 227]], "_H5vEa_vCEemPd5ZtCQMxVQ", "_H5vEavvCEemPd5ZtCQMxVQ", "_H5vEbPvCEemPd5ZtCQMxVQ"], ["sequenceFlow", [[420, 230], [490, 230]], "_H5vEWfvCEemPd5ZtCQMxVQ", "_H5vER_vCEemPd5ZtCQMxVQ", "_H5vEYPvCEemPd5ZtCQMxVQ"], ["messageFlow", [[610, 562], [610, 501], [758, 501], [758, 360]], "_H5vETPvCEemPd5ZtCQMxVQ", "_H5vETfvCEemPd5ZtCQMxVQ", "_H5vESvvCEemPd5ZtCQMxVQ"], ["sequenceFlow", [[610, 622], [610, 690], [390, 690], [390, 590], [450, 588]], "_H5vEePvCEemPd5ZtCQMxVQ", "_H5vETfvCEemPd5ZtCQMxVQ", "_H5vES_vCEemPd5ZtCQMxVQ"], ["sequenceFlow", [[530, 227], [870, 227]], "_H5vEY_vCEemPd5ZtCQMxVQ", "_H5vEYPvCEemPd5ZtCQMxVQ", "_H5vEUPvCEemPd5ZtCQMxVQ"], ["sequenceFlow", [[1110, 907], [1170, 907]], "_H5vEffvCEemPd5ZtCQMxVQ", "_H5vEU_vCEemPd5ZtCQMxVQ", "_H5vEc_vCEemPd5ZtCQMxVQ"], ["sequenceFlow", [[1100, 230], [1150, 230]], "_H5vEafvCEemPd5ZtCQMxVQ", "_H5vEUvvCEemPd5ZtCQMxVQ", "_H5vEavvCEemPd5ZtCQMxVQ"], ["messageFlow", [[1076, 882], [1076, 260]], "_H5vEVPvCEemPd5ZtCQMxVQ", "_H5vEU_vCEemPd5ZtCQMxVQ", "_H5vEUvvCEemPd5ZtCQMxVQ"]], "x_min": 40, "png": [902, 1345], "jpeg": [950, 1393], "id": "09726_00", "association_labels": [["dataOutputAssociation", [[395, 260], [423, 300]], "_H5vEXvvCEemPd5ZtCQMxVQ", "_H5vEW_vCEemPd5ZtCQMxVQ", "_H5vEX_vCEemPd5ZtCQMxVQ"]], "text_labels": [["Hungry for pizza", [74, 249, 88, 14], "_H5vEVfvCEemPd5ZtCQMxVQ"], ["Database", [396, 349, 88, 14], "_H5vEX_vCEemPd5ZtCQMxVQ"], ["Where is my pizza?", [424, 609, 88, 25], "_H5vES_vCEemPd5ZtCQMxVQ"], ["60 minutes", [554, 349, 88, 14], "_H5vEZPvCEemPd5ZtCQMxVQ"], ["pizza received", [844, 249, 88, 14], "_H5vEUPvCEemPd5ZtCQMxVQ"], ["Order received", [124, 609, 88, 14], "_H5vESPvCEemPd5ZtCQMxVQ"], ["Hunger satisfied", [1264, 249, 88, 14], "_H5vEbPvCEemPd5ZtCQMxVQ"], ["End", [1144, 929, 88, 14], "_H5vEc_vCEemPd5ZtCQMxVQ"], ["money", [985, 563, 20, 14], "_H5vEUfvCEemPd5ZtCQMxVQ"], ["pizza order", [270, 363, 43, 25], "_H5vERvvCEemPd5ZtCQMxVQ"], ["receipt", [1091, 563, 21, 14], "_H5vEVPvCEemPd5ZtCQMxVQ"]], "pool_labels": [["participant", [40, 522, 1333, 448], "_H5vERPvCEemPd5ZtCQMxVQ"], ["participant", [40, 80, 1333, 352], "_H5vEQvvCEemPd5ZtCQMxVQ"]], "y_min": 80, "project_id": "09726_00"}