{"shape_labels": [["startEvent_message", [80, 68, 35, 35], "_Gsw61PvCEemPd5ZtCQMxVQ"], ["exclusiveGateway", [620, 200, 40, 40], "_Gsw62PvCEemPd5ZtCQMxVQ"], ["receiveTask", [260, 395, 90, 60], "_Gsw64vvCEemPd5ZtCQMxVQ"], ["receiveTask", [400, 397, 90, 60], "_Gsw64_vCEemPd5ZtCQMxVQ"], ["sendTask", [760, 200, 90, 60], "_Gsw62fvCEemPd5ZtCQMxVQ"], ["parallelGateway", [650, 300, 40, 40], "_Gsw63vvCEemPd5ZtCQMxVQ"], ["sendTask", [410, 547, 90, 60], "_Gsw65_vCEemPd5ZtCQMxVQ"], ["sendTask", [510, 395, 90, 60], "_Gsw65PvCEemPd5ZtCQMxVQ"], ["lane", [30, 365, 925, 150], "_Gsw64PvCEemPd5ZtCQMxVQ"], ["lane", [30, 20, 925, 142], "_Gsw60_vCEemPd5ZtCQMxVQ"], ["receiveTask", [100, 395, 90, 60], "_Gsw64fvCEemPd5ZtCQMxVQ"], ["serviceTask", [450, 190, 90, 60], "_Gsw62vvCEemPd5ZtCQMxVQ"], ["task", [710, 290, 90, 60], "_Gsw63PvCEemPd5ZtCQMxVQ"], ["lane", [30, 162, 925, 203], "_Gsw61vvCEemPd5ZtCQMxVQ"], ["receiveTask", [140, 190, 90, 60], "_Gsw61_vCEemPd5ZtCQMxVQ"], ["sendTask", [200, 272, 90, 60], "_Gsw62_vCEemPd5ZtCQMxVQ"], ["receiveTask", [100, 547, 90, 60], "_Gsw65vvCEemPd5ZtCQMxVQ"], ["lane", [30, 515, 925, 132], "_Gsw65fvCEemPd5ZtCQMxVQ"], ["endEvent_message", [800, 80, 35, 35], "_Gsw61fvCEemPd5ZtCQMxVQ"], ["endEvent_terminate", [830, 300, 35, 35], "_Gsw63_vCEemPd5ZtCQMxVQ"], ["userTask", [150, 48, 90, 60], "_Gsw66PvCEemPd5ZtCQMxVQ"], ["receiveTask", [510, 290, 90, 60], "_Gsw63fvCEemPd5ZtCQMxVQ"]], "flow_labels": [["sequenceFlow", [[660, 220], [760, 220]], "_Gsw67vvCEemPd5ZtCQMxVQ", "_Gsw62PvCEemPd5ZtCQMxVQ", "_Gsw62fvCEemPd5ZtCQMxVQ"], ["messageFlow", [[555, 395], [555, 350]], "_Gsw7AvvCEemPd5ZtCQMxVQ", "_Gsw65PvCEemPd5ZtCQMxVQ", "_Gsw63fvCEemPd5ZtCQMxVQ"], ["messageFlow", [[450, 547], [450, 457]], "_Gsw7AfvCEemPd5ZtCQMxVQ", "_Gsw65_vCEemPd5ZtCQMxVQ", "_Gsw64_vCEemPd5ZtCQMxVQ"], ["sequenceFlow", [[230, 220], [450, 220]], "_Gsw67PvCEemPd5ZtCQMxVQ", "_Gsw61_vCEemPd5ZtCQMxVQ", "_Gsw62vvCEemPd5ZtCQMxVQ"], ["sequenceFlow", [[115, 85], [150, 85]], "_Gsw66fvCEemPd5ZtCQMxVQ", "_Gsw61PvCEemPd5ZtCQMxVQ", "_Gsw66PvCEemPd5ZtCQMxVQ"], ["messageFlow", [[190, 108], [190, 190]], "_Gsw6_vvCEemPd5ZtCQMxVQ", "_Gsw66PvCEemPd5ZtCQMxVQ", "_Gsw61_vCEemPd5ZtCQMxVQ"], ["sequenceFlow", [[490, 426], [510, 426]], "_Gsw69PvCEemPd5ZtCQMxVQ", "_Gsw64_vCEemPd5ZtCQMxVQ", "_Gsw65PvCEemPd5ZtCQMxVQ"], ["messageFlow", [[305, 455], [305, 501], [145, 501], [145, 547]], "_Gsw7APvCEemPd5ZtCQMxVQ", "_Gsw64vvCEemPd5ZtCQMxVQ", "_Gsw65vvCEemPd5ZtCQMxVQ"], ["sequenceFlow", [[800, 317], [830, 317]], "_Gsw69vvCEemPd5ZtCQMxVQ", "_Gsw63PvCEemPd5ZtCQMxVQ", "_Gsw63_vCEemPd5ZtCQMxVQ"], ["messageFlow", [[817, 200], [817, 115]], "_Gsw6_fvCEemPd5ZtCQMxVQ", "_Gsw62fvCEemPd5ZtCQMxVQ", "_Gsw61fvCEemPd5ZtCQMxVQ"], ["sequenceFlow", [[600, 320], [650, 320]], "_Gsw69_vCEemPd5ZtCQMxVQ", "_Gsw63fvCEemPd5ZtCQMxVQ", "_Gsw63vvCEemPd5ZtCQMxVQ"], ["sequenceFlow", [[540, 220], [620, 220]], "_Gsw67fvCEemPd5ZtCQMxVQ", "_Gsw62vvCEemPd5ZtCQMxVQ", "_Gsw62PvCEemPd5ZtCQMxVQ"], ["sequenceFlow", [[640, 240], [640, 275], [290, 275]], "_Gsw67_vCEemPd5ZtCQMxVQ", "_Gsw62PvCEemPd5ZtCQMxVQ", "_Gsw62_vCEemPd5ZtCQMxVQ"], ["sequenceFlow", [[190, 577], [410, 577]], "_Gsw68_vCEemPd5ZtCQMxVQ", "_Gsw65vvCEemPd5ZtCQMxVQ", "_Gsw65_vCEemPd5ZtCQMxVQ"], ["sequenceFlow", [[690, 320], [710, 320]], "_Gsw69fvCEemPd5ZtCQMxVQ", "_Gsw63vvCEemPd5ZtCQMxVQ", "_Gsw63PvCEemPd5ZtCQMxVQ"], ["sequenceFlow", [[669, 300], [669, 189], [540, 190]], "_Gsw68PvCEemPd5ZtCQMxVQ", "_Gsw63vvCEemPd5ZtCQMxVQ", "_Gsw62vvCEemPd5ZtCQMxVQ"], ["sequenceFlow", [[190, 425], [260, 425]], "_Gsw68vvCEemPd5ZtCQMxVQ", "_Gsw64fvCEemPd5ZtCQMxVQ", "_Gsw64vvCEemPd5ZtCQMxVQ"], ["messageFlow", [[245, 332], [245, 364], [145, 363], [145, 395]], "_Gsw6__vCEemPd5ZtCQMxVQ", "_Gsw62_vCEemPd5ZtCQMxVQ", "_Gsw64fvCEemPd5ZtCQMxVQ"]], "x_min": 0, "png": [639, 967], "jpeg": [687, 1015], "id": "09478_00", "association_labels": [], "text_labels": [["Need Measurements", [54, 107, 88, 25], "_Gsw61PvCEemPd5ZtCQMxVQ"], ["If Measurements exist", [596, 244, 88, 25], "_Gsw62PvCEemPd5ZtCQMxVQ"], ["Display the measurements", [749, 119, 138, 14], "_Gsw61fvCEemPd5ZtCQMxVQ"], ["End", [804, 339, 88, 14], "_Gsw63_vCEemPd5ZtCQMxVQ"], ["yes", [687, 223, 38, 14], "_Gsw67vvCEemPd5ZtCQMxVQ"], ["NO", [531, 260, 28, 14], "_Gsw67_vCEemPd5ZtCQMxVQ"]], "pool_labels": [["participant", [0, 20, 955, 627], "_Gsw6-vvCEemPd5ZtCQMxVQ"]], "y_min": 20, "project_id": "09478_00"}