{"pool_labels": [["participant", [40, 280, 963, 142], "_MAdpH_vCEemPd5ZtCQMxVQ"], ["participant", [40, 80, 963, 142], "_MAdpHvvCEemPd5ZtCQMxVQ"]], "flow_labels": [["messageFlow", [[255, 180], [255, 320]], "_MAdpIfvCEemPd5ZtCQMxVQ", "_MAdpFPvCEemPd5ZtCQMxVQ", "_MAdpIvvCEemPd5ZtCQMxVQ"], ["sequenceFlow", [[135, 347], [210, 347]], "_MAdpLPvCEemPd5ZtCQMxVQ", "_MAdpK_vCEemPd5ZtCQMxVQ", "_MAdpIvvCEemPd5ZtCQMxVQ"], ["messageFlow", [[430, 320], [430, 180]], "_MAdpI_vCEemPd5ZtCQMxVQ", "_MAdpJPvCEemPd5ZtCQMxVQ", "_MAdpFvvCEemPd5ZtCQMxVQ"], ["sequenceFlow", [[470, 150], [600, 150]], "_MAdpF_vCEemPd5ZtCQMxVQ", "_MAdpFvvCEemPd5ZtCQMxVQ", "_MAdpGPvCEemPd5ZtCQMxVQ"], ["sequenceFlow", [[145, 147], [210, 147]], "_MAdpE_vCEemPd5ZtCQMxVQ", "_MAdpEvvCEemPd5ZtCQMxVQ", "_MAdpFPvCEemPd5ZtCQMxVQ"], ["messageFlow", [[645, 180], [645, 320]], "_MAdpJfvCEemPd5ZtCQMxVQ", "_MAdpGPvCEemPd5ZtCQMxVQ", "_MAdpJvvCEemPd5ZtCQMxVQ"], ["sequenceFlow", [[300, 150], [380, 150]], "_MAdpFfvCEemPd5ZtCQMxVQ", "_MAdpFPvCEemPd5ZtCQMxVQ", "_MAdpFvvCEemPd5ZtCQMxVQ"], ["messageFlow", [[805, 320], [805, 180]], "_MAdpJ_vCEemPd5ZtCQMxVQ", "_MAdpKPvCEemPd5ZtCQMxVQ", "_MAdpGvvCEemPd5ZtCQMxVQ"], ["sequenceFlow", [[690, 150], [750, 150]], "_MAdpGfvCEemPd5ZtCQMxVQ", "_MAdpGPvCEemPd5ZtCQMxVQ", "_MAdpGvvCEemPd5ZtCQMxVQ"], ["sequenceFlow", [[850, 147], [920, 147]], "_MAdpHPvCEemPd5ZtCQMxVQ", "_MAdpGvvCEemPd5ZtCQMxVQ", "_MAdpG_vCEemPd5ZtCQMxVQ"], ["sequenceFlow", [[300, 350], [390, 350]], "_MAdpLfvCEemPd5ZtCQMxVQ", "_MAdpIvvCEemPd5ZtCQMxVQ", "_MAdpJPvCEemPd5ZtCQMxVQ"], ["sequenceFlow", [[850, 347], [920, 347]], "_MAdpMPvCEemPd5ZtCQMxVQ", "_MAdpKPvCEemPd5ZtCQMxVQ", "_MAdpL_vCEemPd5ZtCQMxVQ"], ["sequenceFlow", [[690, 350], [760, 350]], "_MAdpMfvCEemPd5ZtCQMxVQ", "_MAdpJvvCEemPd5ZtCQMxVQ", "_MAdpKPvCEemPd5ZtCQMxVQ"], ["sequenceFlow", [[470, 350], [600, 350]], "_MAdpLvvCEemPd5ZtCQMxVQ", "_MAdpJPvCEemPd5ZtCQMxVQ", "_MAdpJvvCEemPd5ZtCQMxVQ"]], "jpeg": [440, 1023], "shape_labels": [["group", [530, 60, 360, 380], "_MAdpKfvCEemPd5ZtCQMxVQ"], ["endEvent", [920, 130, 35, 35], "_MAdpG_vCEemPd5ZtCQMxVQ"], ["endEvent", [920, 330, 35, 35], "_MAdpL_vCEemPd5ZtCQMxVQ"], ["receiveTask", [380, 120, 90, 60], "_MAdpFvvCEemPd5ZtCQMxVQ"], ["startEvent", [110, 130, 35, 35], "_MAdpEvvCEemPd5ZtCQMxVQ"], ["receiveTask", [210, 320, 90, 60], "_MAdpIvvCEemPd5ZtCQMxVQ"], ["sendTask", [760, 320, 90, 60], "_MAdpKPvCEemPd5ZtCQMxVQ"], ["receiveTask", [750, 120, 100, 60], "_MAdpGvvCEemPd5ZtCQMxVQ"], ["sendTask", [600, 120, 90, 60], "_MAdpGPvCEemPd5ZtCQMxVQ"], ["sendTask", [390, 320, 80, 60], "_MAdpJPvCEemPd5ZtCQMxVQ"], ["startEvent", [100, 330, 35, 35], "_MAdpK_vCEemPd5ZtCQMxVQ"], ["sendTask", [210, 120, 90, 60], "_MAdpFPvCEemPd5ZtCQMxVQ"], ["receiveTask", [600, 320, 90, 60], "_MAdpJvvCEemPd5ZtCQMxVQ"]], "png": [392, 975], "association_labels": [], "id": "09575_00", "text_labels": [["Illness occurs", [84, 169, 88, 14], "_MAdpEvvCEemPd5ZtCQMxVQ"], ["I want to see doctor", [155, 242, 85, 25], "_MAdpIfvCEemPd5ZtCQMxVQ"], ["Go see doctor", [355, 242, 57, 25], "_MAdpI_vCEemPd5ZtCQMxVQ"], ["I need my medicine", [545, 242, 79, 25], "_MAdpJfvCEemPd5ZtCQMxVQ"], ["Here is your medicine", [695, 242, 92, 25], "_MAdpJ_vCEemPd5ZtCQMxVQ"]], "y_min": 60, "project_id": "09575_00", "x_min": 40}