{"shape_labels": [["sendTask", [760, 320, 90, 60], "_HqS6KPvCEemPd5ZtCQMxVQ"], ["receiveTask", [380, 120, 90, 60], "_HqS6FvvCEemPd5ZtCQMxVQ"], ["endEvent", [920, 130, 35, 35], "_HqS6G_vCEemPd5ZtCQMxVQ"], ["sendTask", [390, 320, 80, 60], "_HqS6JPvCEemPd5ZtCQMxVQ"], ["receiveTask", [750, 120, 100, 60], "_HqS6GvvCEemPd5ZtCQMxVQ"], ["receiveTask", [600, 320, 90, 60], "_HqS6JvvCEemPd5ZtCQMxVQ"], ["endEvent", [920, 330, 35, 35], "_HqS6L_vCEemPd5ZtCQMxVQ"], ["startEvent", [110, 130, 35, 35], "_HqS6EvvCEemPd5ZtCQMxVQ"], ["receiveTask", [210, 320, 90, 60], "_HqS6IvvCEemPd5ZtCQMxVQ"], ["sendTask", [600, 120, 90, 60], "_HqS6GPvCEemPd5ZtCQMxVQ"], ["group", [530, 60, 360, 380], "_HqS6KfvCEemPd5ZtCQMxVQ"], ["startEvent", [100, 330, 35, 35], "_HqS6K_vCEemPd5ZtCQMxVQ"], ["sendTask", [210, 120, 90, 60], "_HqS6FPvCEemPd5ZtCQMxVQ"]], "flow_labels": [["messageFlow", [[255, 180], [255, 320]], "_HqS6IfvCEemPd5ZtCQMxVQ", "_HqS6FPvCEemPd5ZtCQMxVQ", "_HqS6IvvCEemPd5ZtCQMxVQ"], ["sequenceFlow", [[135, 347], [210, 347]], "_HqS6LPvCEemPd5ZtCQMxVQ", "_HqS6K_vCEemPd5ZtCQMxVQ", "_HqS6IvvCEemPd5ZtCQMxVQ"], ["sequenceFlow", [[850, 147], [920, 147]], "_HqS6HPvCEemPd5ZtCQMxVQ", "_HqS6GvvCEemPd5ZtCQMxVQ", "_HqS6G_vCEemPd5ZtCQMxVQ"], ["sequenceFlow", [[145, 147], [210, 147]], "_HqS6E_vCEemPd5ZtCQMxVQ", "_HqS6EvvCEemPd5ZtCQMxVQ", "_HqS6FPvCEemPd5ZtCQMxVQ"], ["sequenceFlow", [[300, 150], [380, 150]], "_HqS6FfvCEemPd5ZtCQMxVQ", "_HqS6FPvCEemPd5ZtCQMxVQ", "_HqS6FvvCEemPd5ZtCQMxVQ"], ["messageFlow", [[645, 180], [645, 320]], "_HqS6JfvCEemPd5ZtCQMxVQ", "_HqS6GPvCEemPd5ZtCQMxVQ", "_HqS6JvvCEemPd5ZtCQMxVQ"], ["sequenceFlow", [[690, 150], [750, 150]], "_HqS6GfvCEemPd5ZtCQMxVQ", "_HqS6GPvCEemPd5ZtCQMxVQ", "_HqS6GvvCEemPd5ZtCQMxVQ"], ["sequenceFlow", [[850, 347], [920, 347]], "_HqS6MPvCEemPd5ZtCQMxVQ", "_HqS6KPvCEemPd5ZtCQMxVQ", "_HqS6L_vCEemPd5ZtCQMxVQ"], ["sequenceFlow", [[470, 150], [600, 150]], "_HqS6F_vCEemPd5ZtCQMxVQ", "_HqS6FvvCEemPd5ZtCQMxVQ", "_HqS6GPvCEemPd5ZtCQMxVQ"], ["messageFlow", [[430, 320], [430, 180]], "_HqS6I_vCEemPd5ZtCQMxVQ", "_HqS6JPvCEemPd5ZtCQMxVQ", "_HqS6FvvCEemPd5ZtCQMxVQ"], ["sequenceFlow", [[300, 350], [390, 350]], "_HqS6LfvCEemPd5ZtCQMxVQ", "_HqS6IvvCEemPd5ZtCQMxVQ", "_HqS6JPvCEemPd5ZtCQMxVQ"], ["sequenceFlow", [[470, 350], [600, 350]], "_HqS6LvvCEemPd5ZtCQMxVQ", "_HqS6JPvCEemPd5ZtCQMxVQ", "_HqS6JvvCEemPd5ZtCQMxVQ"], ["sequenceFlow", [[690, 350], [760, 350]], "_HqS6MfvCEemPd5ZtCQMxVQ", "_HqS6JvvCEemPd5ZtCQMxVQ", "_HqS6KPvCEemPd5ZtCQMxVQ"], ["messageFlow", [[805, 320], [805, 180]], "_HqS6J_vCEemPd5ZtCQMxVQ", "_HqS6KPvCEemPd5ZtCQMxVQ", "_HqS6GvvCEemPd5ZtCQMxVQ"]], "x_min": 40, "png": [392, 975], "jpeg": [440, 1023], "id": "09481_00", "association_labels": [], "text_labels": [["Illness occurs", [84, 169, 88, 14], "_HqS6EvvCEemPd5ZtCQMxVQ"], ["I want to see doctor", [155, 242, 85, 25], "_HqS6IfvCEemPd5ZtCQMxVQ"], ["I need my medicine", [545, 242, 79, 25], "_HqS6JfvCEemPd5ZtCQMxVQ"], ["Go see doctor", [355, 242, 57, 25], "_HqS6I_vCEemPd5ZtCQMxVQ"], ["Here is your medicine", [695, 242, 92, 25], "_HqS6J_vCEemPd5ZtCQMxVQ"]], "pool_labels": [["participant", [40, 280, 963, 142], "_HqS6H_vCEemPd5ZtCQMxVQ"], ["participant", [40, 80, 963, 142], "_HqS6HvvCEemPd5ZtCQMxVQ"]], "y_min": 60, "project_id": "09481_00"}