{"pool_labels": [], "flow_labels": [["sequenceFlow", [[280, 510], [280, 530]], "_Pwj20fvCEemPd5ZtCQMxVQ", "_Pwj20PvCEemPd5ZtCQMxVQ", "_Pwj20vvCEemPd5ZtCQMxVQ"], ["sequenceFlow", [[250, 630], [255, 630], [255, 680], [260, 680]], "_Pwj21vvCEemPd5ZtCQMxVQ", "_Pwj21fvCEemPd5ZtCQMxVQ", "_Pwj23PvCEemPd5ZtCQMxVQ"], ["sequenceFlow", [[275, 370], [275, 390]], "_Pwj2zvvCEemPd5ZtCQMxVQ", "_Pwj2zPvCEemPd5ZtCQMxVQ", "_Pwj20PvCEemPd5ZtCQMxVQ"], ["sequenceFlow", [[280, 700], [280, 720]], "_Pwj22PvCEemPd5ZtCQMxVQ", "_Pwj23PvCEemPd5ZtCQMxVQ", "_Pwj21_vCEemPd5ZtCQMxVQ"], ["sequenceFlow", [[277, 570], [277, 590], [250, 600]], "_Pwj21PvCEemPd5ZtCQMxVQ", "_Pwj20vvCEemPd5ZtCQMxVQ", "_Pwj21fvCEemPd5ZtCQMxVQ"], ["sequenceFlow", [[275, 780], [275, 810]], "_Pwj22fvCEemPd5ZtCQMxVQ", "_Pwj21_vCEemPd5ZtCQMxVQ", "_Pwj23fvCEemPd5ZtCQMxVQ"], ["sequenceFlow", [[280, 150], [280, 170]], "_Pwj2xvvCEemPd5ZtCQMxVQ", "_Pwj2xfvCEemPd5ZtCQMxVQ", "_Pwj2x_vCEemPd5ZtCQMxVQ"], ["sequenceFlow", [[200, 300], [200, 340], [230, 340]], "_Pwj2y_vCEemPd5ZtCQMxVQ", "_Pwj2yvvCEemPd5ZtCQMxVQ", "_Pwj2zPvCEemPd5ZtCQMxVQ"], ["sequenceFlow", [[285, 570], [285, 590], [310, 600]], "_Pwj20_vCEemPd5ZtCQMxVQ", "_Pwj20vvCEemPd5ZtCQMxVQ", "_Pwj22vvCEemPd5ZtCQMxVQ"], ["sequenceFlow", [[277, 870], [277, 900]], "_Pwj23vvCEemPd5ZtCQMxVQ", "_Pwj23fvCEemPd5ZtCQMxVQ", "_Pwj23_vCEemPd5ZtCQMxVQ"], ["sequenceFlow", [[281, 210], [281, 238], [330, 238]], "_Pwj2yPvCEemPd5ZtCQMxVQ", "_Pwj2x_vCEemPd5ZtCQMxVQ", "_Pwj2z_vCEemPd5ZtCQMxVQ"], ["sequenceFlow", [[277, 45], [277, 90]], "_Pwj2xPvCEemPd5ZtCQMxVQ", "_Pwj2w_vCEemPd5ZtCQMxVQ", "_Pwj2xfvCEemPd5ZtCQMxVQ"], ["sequenceFlow", [[273, 210], [273, 230], [230, 240]], "_Pwj2yfvCEemPd5ZtCQMxVQ", "_Pwj2x_vCEemPd5ZtCQMxVQ", "_Pwj2yvvCEemPd5ZtCQMxVQ"], ["sequenceFlow", [[350, 260], [350, 340], [320, 340]], "_Pwj2zfvCEemPd5ZtCQMxVQ", "_Pwj2z_vCEemPd5ZtCQMxVQ", "_Pwj2zPvCEemPd5ZtCQMxVQ"], ["sequenceFlow", [[310, 630], [305, 630], [305, 680], [300, 680]], "_Pwj22_vCEemPd5ZtCQMxVQ", "_Pwj22vvCEemPd5ZtCQMxVQ", "_Pwj23PvCEemPd5ZtCQMxVQ"]], "jpeg": [1008, 337], "shape_labels": [["startEvent", [260, 10, 35, 35], "_Pwj2w_vCEemPd5ZtCQMxVQ"], ["exclusiveGateway", [330, 220, 40, 40], "_Pwj2z_vCEemPd5ZtCQMxVQ"], ["task", [230, 310, 90, 60], "_Pwj2zPvCEemPd5ZtCQMxVQ"], ["task", [230, 390, 90, 120], "_Pwj20PvCEemPd5ZtCQMxVQ"], ["task", [160, 600, 90, 60], "_Pwj21fvCEemPd5ZtCQMxVQ"], ["exclusiveGateway", [260, 660, 40, 40], "_Pwj23PvCEemPd5ZtCQMxVQ"], ["task", [140, 240, 90, 60], "_Pwj2yvvCEemPd5ZtCQMxVQ"], ["exclusiveGateway", [260, 530, 40, 40], "_Pwj20vvCEemPd5ZtCQMxVQ"], ["task", [230, 720, 90, 60], "_Pwj21_vCEemPd5ZtCQMxVQ"], ["exclusiveGateway", [260, 170, 40, 40], "_Pwj2x_vCEemPd5ZtCQMxVQ"], ["task", [230, 90, 90, 60], "_Pwj2xfvCEemPd5ZtCQMxVQ"], ["endEvent", [260, 900, 35, 35], "_Pwj23_vCEemPd5ZtCQMxVQ"], ["task", [230, 810, 90, 60], "_Pwj23fvCEemPd5ZtCQMxVQ"], ["task", [310, 600, 90, 60], "_Pwj22vvCEemPd5ZtCQMxVQ"]], "png": [965, 400], "association_labels": [], "id": "09422_00", "text_labels": [["Person m\u00f6chte Einzeleintritt l\u00f6sen", [234, 49, 88, 36], "_Pwj2w_vCEemPd5ZtCQMxVQ"], ["Neukunde?", [286, 184, 88, 14], "_Pwj2x_vCEemPd5ZtCQMxVQ"], ["Einzeleintritt gel\u00f6st", [244, 939, 68, 25], "_Pwj23_vCEemPd5ZtCQMxVQ"], ["Mo - Fr von 6.00 - 17.00 (Check-out)", [167, 548, 62, 36], "_Pwj21PvCEemPd5ZtCQMxVQ"], ["Mo - Fr 17.00 - 22.00, Wochenende, Feiertage", [323, 546, 88, 47], "_Pwj20_vCEemPd5ZtCQMxVQ"], ["Nein", [304, 207, 38, 14], "_Pwj2yPvCEemPd5ZtCQMxVQ"], ["Ja", [200, 226, 38, 14], "_Pwj2yfvCEemPd5ZtCQMxVQ"]], "y_min": 10, "project_id": "09422_00", "x_min": 140}