{"shape_labels": [["task", [560, 40, 90, 60], "_LEX0TfvCEemPd5ZtCQMxVQ"], ["eventBasedGateway", [390, 50, 40, 40], "_LEX0SPvCEemPd5ZtCQMxVQ"], ["intermediateThrowEvent_message", [500, 50, 35, 35], "_LEX0SvvCEemPd5ZtCQMxVQ"], ["task", [670, 40, 90, 60], "_LEX0T_vCEemPd5ZtCQMxVQ"], ["sendTask", [230, 160, 90, 60], "_LEX0UvvCEemPd5ZtCQMxVQ"], ["intermediateThrowEvent", [820, 50, 35, 35], "_LEX0UfvCEemPd5ZtCQMxVQ"], ["task", [160, 40, 90, 60], "_LEX0RPvCEemPd5ZtCQMxVQ"], ["task", [270, 40, 90, 60], "_LEX0RvvCEemPd5ZtCQMxVQ"], ["startEvent", [90, 40, 35, 35], "_LEX0QvvCEemPd5ZtCQMxVQ"], ["intermediateCatchEvent_timer", [400, 170, 35, 35], "_LEX0U_vCEemPd5ZtCQMxVQ"]], "flow_labels": [["sequenceFlow", [[250, 70], [270, 70]], "_LEX0RfvCEemPd5ZtCQMxVQ", "_LEX0RPvCEemPd5ZtCQMxVQ", "_LEX0RvvCEemPd5ZtCQMxVQ"], ["messageFlow", [[295, 100], [295, 160]], "_LEYbUPvCEemPd5ZtCQMxVQ", "_LEX0RvvCEemPd5ZtCQMxVQ", "_LEX0UvvCEemPd5ZtCQMxVQ"], ["sequenceFlow", [[650, 70], [670, 70]], "_LEX0TvvCEemPd5ZtCQMxVQ", "_LEX0TfvCEemPd5ZtCQMxVQ", "_LEX0T_vCEemPd5ZtCQMxVQ"], ["sequenceFlow", [[125, 57], [160, 57]], "_LEX0Q_vCEemPd5ZtCQMxVQ", "_LEX0QvvCEemPd5ZtCQMxVQ", "_LEX0RPvCEemPd5ZtCQMxVQ"], ["sequenceFlow", [[760, 67], [820, 67]], "_LEX0UPvCEemPd5ZtCQMxVQ", "_LEX0T_vCEemPd5ZtCQMxVQ", "_LEX0UfvCEemPd5ZtCQMxVQ"], ["sequenceFlow", [[430, 67], [500, 67]], "_LEX0SfvCEemPd5ZtCQMxVQ", "_LEX0SPvCEemPd5ZtCQMxVQ", "_LEX0SvvCEemPd5ZtCQMxVQ"], ["sequenceFlow", [[535, 67], [560, 67]], "_LEX0S_vCEemPd5ZtCQMxVQ", "_LEX0SvvCEemPd5ZtCQMxVQ", "_LEX0TfvCEemPd5ZtCQMxVQ"], ["sequenceFlow", [[360, 70], [390, 70]], "_LEX0R_vCEemPd5ZtCQMxVQ", "_LEX0RvvCEemPd5ZtCQMxVQ", "_LEX0SPvCEemPd5ZtCQMxVQ"]], "x_min": 20, "png": [300, 875], "jpeg": [312, 928], "id": "09700_00", "association_labels": [], "text_labels": [["Beholdning p\u00e5 topp", [794, 89, 88, 25], "_LEX0UfvCEemPd5ZtCQMxVQ"], ["Mat m\u00e5 bestilles", [64, 79, 88, 14], "_LEX0QvvCEemPd5ZtCQMxVQ"], ["Catch event", [374, 209, 88, 14], "_LEX0U_vCEemPd5ZtCQMxVQ"]], "pool_labels": [["participant", [20, 10, 863, 252], "_LEX0VvvCEemPd5ZtCQMxVQ"]], "y_min": 10, "project_id": "09700_00"}