{"shape_labels": [["task", [560, 560, 100, 60], "_OhVqYvvCEemPd5ZtCQMxVQ"], ["task", [330, 180, 90, 60], "_OhVDWfvCEemPd5ZtCQMxVQ"], ["intermediateThrowEvent_message", [870, 190, 35, 35], "_OhVqZfvCEemPd5ZtCQMxVQ"], ["task", [1010, 180, 90, 60], "_OhVqZ_vCEemPd5ZtCQMxVQ"], ["endEvent_terminate", [1170, 890, 35, 35], "_OhVqjfvCEemPd5ZtCQMxVQ"], ["task", [500, 742, 90, 60], "_OhVqi_vCEemPd5ZtCQMxVQ"], ["dataStoreReference", [420, 280, 40, 45], "_OhVqd_vCEemPd5ZtCQMxVQ"], ["lane", [70, 712, 1303, 128], "_OhVqivvCEemPd5ZtCQMxVQ"], ["lane", [70, 840, 1303, 130], "_OhVqjPvCEemPd5ZtCQMxVQ"], ["intermediateCatchEvent_timer", [580, 290, 35, 35], "_OhVqffvCEemPd5ZtCQMxVQ"], ["task", [810, 882, 110, 60], "_OhVqZPvCEemPd5ZtCQMxVQ"], ["endEvent", [1290, 190, 35, 35], "_OhVqhfvCEemPd5ZtCQMxVQ"], ["task", [1000, 882, 110, 60], "_OhVqaPvCEemPd5ZtCQMxVQ"], ["eventBasedGateway", [490, 190, 40, 40], "_OhVqefvCEemPd5ZtCQMxVQ"], ["parallelGateway", [280, 572, 40, 40], "_OhVqifvCEemPd5ZtCQMxVQ"], ["task", [670, 280, 120, 60], "_OhVDXfvCEemPd5ZtCQMxVQ"], ["lane", [70, 522, 1303, 190], "_OhVqiPvCEemPd5ZtCQMxVQ"], ["startEvent", [100, 190, 35, 35], "_OhVqa_vCEemPd5ZtCQMxVQ"], ["task", [190, 180, 90, 60], "_OhVqbvvCEemPd5ZtCQMxVQ"], ["task", [1150, 180, 90, 60], "_OhVqg_vCEemPd5ZtCQMxVQ"], ["startEvent_message", [150, 570, 35, 35], "_OhVDWvvCEemPd5ZtCQMxVQ"], ["intermediateCatchEvent_message", [450, 570, 35, 35], "_OhVqYPvCEemPd5ZtCQMxVQ"]], "flow_labels": [["sequenceFlow", [[135, 207], [190, 207]], "_OhVqbPvCEemPd5ZtCQMxVQ", "_OhVqa_vCEemPd5ZtCQMxVQ", "_OhVqbvvCEemPd5ZtCQMxVQ"], ["sequenceFlow", [[530, 207], [870, 207]], "_OhVqe_vCEemPd5ZtCQMxVQ", "_OhVqefvCEemPd5ZtCQMxVQ", "_OhVqZfvCEemPd5ZtCQMxVQ"], ["sequenceFlow", [[300, 612], [300, 769], [500, 769]], "_OhVqkPvCEemPd5ZtCQMxVQ", "_OhVqifvCEemPd5ZtCQMxVQ", "_OhVqi_vCEemPd5ZtCQMxVQ"], ["sequenceFlow", [[1240, 207], [1290, 207]], "_OhVqhPvCEemPd5ZtCQMxVQ", "_OhVqg_vCEemPd5ZtCQMxVQ", "_OhVqhfvCEemPd5ZtCQMxVQ"], ["sequenceFlow", [[905, 207], [1010, 207]], "_OhVqgPvCEemPd5ZtCQMxVQ", "_OhVqZfvCEemPd5ZtCQMxVQ", "_OhVqZ_vCEemPd5ZtCQMxVQ"], ["messageFlow", [[723, 340], [723, 456], [468, 456], [468, 570]], "_OhVDXPvCEemPd5ZtCQMxVQ", "_OhVDXfvCEemPd5ZtCQMxVQ", "_OhVqYPvCEemPd5ZtCQMxVQ"], ["sequenceFlow", [[420, 210], [490, 210]], "_OhVqcfvCEemPd5ZtCQMxVQ", "_OhVDWfvCEemPd5ZtCQMxVQ", "_OhVqefvCEemPd5ZtCQMxVQ"], ["sequenceFlow", [[185, 588], [280, 588]], "_OhVqjvvCEemPd5ZtCQMxVQ", "_OhVDWvvCEemPd5ZtCQMxVQ", "_OhVqifvCEemPd5ZtCQMxVQ"], ["sequenceFlow", [[485, 587], [560, 587]], "_OhVqlPvCEemPd5ZtCQMxVQ", "_OhVqYPvCEemPd5ZtCQMxVQ", "_OhVqYvvCEemPd5ZtCQMxVQ"], ["sequenceFlow", [[320, 588], [450, 588]], "_OhVqkfvCEemPd5ZtCQMxVQ", "_OhVqifvCEemPd5ZtCQMxVQ", "_OhVqYPvCEemPd5ZtCQMxVQ"], ["sequenceFlow", [[530, 210], [547, 210], [547, 312], [580, 312]], "_OhVqfPvCEemPd5ZtCQMxVQ", "_OhVqefvCEemPd5ZtCQMxVQ", "_OhVqffvCEemPd5ZtCQMxVQ"], ["messageFlow", [[887, 882], [887, 225]], "_OhVqY_vCEemPd5ZtCQMxVQ", "_OhVqZPvCEemPd5ZtCQMxVQ", "_OhVqZfvCEemPd5ZtCQMxVQ"], ["sequenceFlow", [[280, 210], [330, 210]], "_OhVqb_vCEemPd5ZtCQMxVQ", "_OhVqbvvCEemPd5ZtCQMxVQ", "_OhVDWfvCEemPd5ZtCQMxVQ"], ["sequenceFlow", [[1100, 210], [1150, 210]], "_OhVqgvvCEemPd5ZtCQMxVQ", "_OhVqZ_vCEemPd5ZtCQMxVQ", "_OhVqg_vCEemPd5ZtCQMxVQ"], ["sequenceFlow", [[615, 307], [670, 307]], "_OhVqfvvCEemPd5ZtCQMxVQ", "_OhVqffvCEemPd5ZtCQMxVQ", "_OhVDXfvCEemPd5ZtCQMxVQ"], ["sequenceFlow", [[1110, 907], [1170, 907]], "_OhVqnfvCEemPd5ZtCQMxVQ", "_OhVqaPvCEemPd5ZtCQMxVQ", "_OhVqjfvCEemPd5ZtCQMxVQ"], ["messageFlow", [[1025, 240], [1025, 882]], "_OhVqZvvCEemPd5ZtCQMxVQ", "_OhVqZ_vCEemPd5ZtCQMxVQ", "_OhVqaPvCEemPd5ZtCQMxVQ"], ["messageFlow", [[1076, 882], [1076, 240]], "_OhVqafvCEemPd5ZtCQMxVQ", "_OhVqaPvCEemPd5ZtCQMxVQ", "_OhVqZ_vCEemPd5ZtCQMxVQ"], ["sequenceFlow", [[920, 912], [1000, 912]], "_OhVqm_vCEemPd5ZtCQMxVQ", "_OhVqZPvCEemPd5ZtCQMxVQ", "_OhVqaPvCEemPd5ZtCQMxVQ"], ["sequenceFlow", [[610, 620], [610, 690], [390, 690], [390, 590], [450, 588]], "_OhVqk_vCEemPd5ZtCQMxVQ", "_OhVqYvvCEemPd5ZtCQMxVQ", "_OhVqYPvCEemPd5ZtCQMxVQ"], ["sequenceFlow", [[700, 340], [700, 378], [510, 378], [510, 230]], "_OhVqevvCEemPd5ZtCQMxVQ", "_OhVDXfvCEemPd5ZtCQMxVQ", "_OhVqefvCEemPd5ZtCQMxVQ"], ["messageFlow", [[375, 240], [375, 371], [169, 371], [169, 570]], "_OhVDWPvCEemPd5ZtCQMxVQ", "_OhVDWfvCEemPd5ZtCQMxVQ", "_OhVDWvvCEemPd5ZtCQMxVQ"], ["messageFlow", [[610, 560], [610, 490], [758, 490], [758, 340]], "_OhVqYfvCEemPd5ZtCQMxVQ", "_OhVqYvvCEemPd5ZtCQMxVQ", "_OhVDXfvCEemPd5ZtCQMxVQ"], ["sequenceFlow", [[590, 772], [700, 772], [700, 912], [810, 912]], "_OhVqmfvCEemPd5ZtCQMxVQ", "_OhVqi_vCEemPd5ZtCQMxVQ", "_OhVqZPvCEemPd5ZtCQMxVQ"]], "x_min": 40, "png": [862, 1345], "jpeg": [910, 1393], "id": "09460_00", "association_labels": [["dataOutputAssociation", [[395, 240], [423, 280]], "_OhVqdvvCEemPd5ZtCQMxVQ", "_OhVqc_vCEemPd5ZtCQMxVQ", "_OhVqd_vCEemPd5ZtCQMxVQ"]], "text_labels": [["pizza received", [844, 229, 88, 14], "_OhVqZfvCEemPd5ZtCQMxVQ"], ["End", [1144, 929, 88, 14], "_OhVqjfvCEemPd5ZtCQMxVQ"], ["Database", [396, 329, 88, 14], "_OhVqd_vCEemPd5ZtCQMxVQ"], ["60 minutes", [554, 329, 88, 14], "_OhVqffvCEemPd5ZtCQMxVQ"], ["Hunger satisfied", [1264, 229, 88, 14], "_OhVqhfvCEemPd5ZtCQMxVQ"], ["Desire for Nova Pay Account", [74, 229, 88, 25], "_OhVqa_vCEemPd5ZtCQMxVQ"], ["Order received", [124, 609, 88, 14], "_OhVDWvvCEemPd5ZtCQMxVQ"], ["Where is my pizza?", [424, 609, 88, 25], "_OhVqYPvCEemPd5ZtCQMxVQ"], ["money", [985, 553, 20, 14], "_OhVqZvvCEemPd5ZtCQMxVQ"], ["receipt", [1091, 553, 21, 14], "_OhVqafvCEemPd5ZtCQMxVQ"], ["pizza order", [270, 353, 43, 25], "_OhVDWPvCEemPd5ZtCQMxVQ"]], "pool_labels": [["participant", [40, 120, 1333, 292], "_OhVDU_vCEemPd5ZtCQMxVQ"], ["participant", [40, 522, 1333, 448], "_OhVDVvvCEemPd5ZtCQMxVQ"]], "y_min": 120, "project_id": "09460_00"}