{"shape_labels": [["task", [734, 80, 90, 60], "_MN5oNPvCEemPd5ZtCQMxVQ"], ["startEvent", [100, 70, 35, 35], "_MN5oLvvCEemPd5ZtCQMxVQ"], ["intermediateCatchEvent_message", [480, 180, 35, 35], "_MN5oMvvCEemPd5ZtCQMxVQ"], ["dataStoreReference", [760, 170, 40, 45], "_MN5oOvvCEemPd5ZtCQMxVQ"], ["task", [204, 60, 90, 60], "_MN5oI_vCEemPd5ZtCQMxVQ"], ["dataStoreReference", [230, 170, 40, 45], "_MN5oIvvCEemPd5ZtCQMxVQ"], ["exclusiveGateway", [360, 80, 40, 40], "_MN5oK_vCEemPd5ZtCQMxVQ"], ["task", [580, 80, 90, 60], "_MN5oL_vCEemPd5ZtCQMxVQ"]], "flow_labels": [["sequenceFlow", [[670, 110], [734, 110]], "_MN5oMfvCEemPd5ZtCQMxVQ", "_MN5oL_vCEemPd5ZtCQMxVQ", "_MN5oNPvCEemPd5ZtCQMxVQ"], ["sequenceFlow", [[515, 198], [547, 198], [548, 110], [580, 110]], "_MN5oMPvCEemPd5ZtCQMxVQ", "_MN5oMvvCEemPd5ZtCQMxVQ", "_MN5oL_vCEemPd5ZtCQMxVQ"], ["sequenceFlow", [[400, 100], [440, 100], [440, 198], [480, 198]], "_MN5oLfvCEemPd5ZtCQMxVQ", "_MN5oK_vCEemPd5ZtCQMxVQ", "_MN5oMvvCEemPd5ZtCQMxVQ"], ["sequenceFlow", [[135, 87], [204, 87]], "_MN5oJPvCEemPd5ZtCQMxVQ", "_MN5oLvvCEemPd5ZtCQMxVQ", "_MN5oI_vCEemPd5ZtCQMxVQ"], ["sequenceFlow", [[294, 100], [360, 100]], "_MN5oJfvCEemPd5ZtCQMxVQ", "_MN5oI_vCEemPd5ZtCQMxVQ", "_MN5oK_vCEemPd5ZtCQMxVQ"], ["sequenceFlow", [[400, 100], [580, 100]], "_MN5oLPvCEemPd5ZtCQMxVQ", "_MN5oK_vCEemPd5ZtCQMxVQ", "_MN5oL_vCEemPd5ZtCQMxVQ"]], "x_min": 20, "png": [300, 887], "jpeg": [312, 935], "id": "09740_00", "association_labels": [["dataOutputAssociation", [[249, 120], [249, 170]], "_MN5oKvvCEemPd5ZtCQMxVQ", "_MN5oJ_vCEemPd5ZtCQMxVQ", "_MN5oIvvCEemPd5ZtCQMxVQ"], ["dataOutputAssociation", [[779, 140], [779, 170]], "_MN5oOfvCEemPd5ZtCQMxVQ", "_MN5oNvvCEemPd5ZtCQMxVQ", "_MN5oOvvCEemPd5ZtCQMxVQ"]], "text_labels": [["Check requested", [74, 109, 88, 14], "_MN5oLvvCEemPd5ZtCQMxVQ"], ["running instance finished", [454, 219, 88, 25], "_MN5oMvvCEemPd5ZtCQMxVQ"], ["Engine Database", [736, 219, 88, 14], "_MN5oOvvCEemPd5ZtCQMxVQ"], ["DataStore", [206, 219, 88, 14], "_MN5oIvvCEemPd5ZtCQMxVQ"], ["running instances of same customer?", [336, 124, 88, 36], "_MN5oK_vCEemPd5ZtCQMxVQ"], ["yes", [446, 182, 6, 14], "_MN5oLfvCEemPd5ZtCQMxVQ"], ["no", [486, 83, 0, 14], "_MN5oLPvCEemPd5ZtCQMxVQ"]], "pool_labels": [["participant", [20, 20, 875, 252], "_MN5oPPvCEemPd5ZtCQMxVQ"]], "y_min": 20, "project_id": "09740_00"}