{"shape_labels": [["task", [400, 730, 90, 60], "_MhNlw_vCEemPd5ZtCQMxVQ"], ["startEvent_message", [410, 30, 35, 35], "_MhNlsvvCEemPd5ZtCQMxVQ"], ["scriptTask", [390, 240, 90, 60], "_MhNlv_vCEemPd5ZtCQMxVQ"], ["eventBasedGateway", [420, 560, 40, 40], "_MhNltfvCEemPd5ZtCQMxVQ"], ["task", [550, 640, 90, 60], "_MhNlvfvCEemPd5ZtCQMxVQ"], ["userTask", [390, 120, 90, 60], "_MhNlufvCEemPd5ZtCQMxVQ"], ["task", [390, 340, 90, 60], "_MhNlwfvCEemPd5ZtCQMxVQ"], ["task", [240, 640, 90, 60], "_MhNlu_vCEemPd5ZtCQMxVQ"], ["userTask", [400, 450, 90, 60], "_MhNlxPvCEemPd5ZtCQMxVQ"]], "flow_labels": [["sequenceFlow", [[460, 580], [505, 580], [505, 670], [550, 670]], "_MhNluPvCEemPd5ZtCQMxVQ", "_MhNltfvCEemPd5ZtCQMxVQ", "_MhNlvfvCEemPd5ZtCQMxVQ"], ["sequenceFlow", [[440, 510], [440, 560]], "_MhNltvvCEemPd5ZtCQMxVQ", "_MhNlxPvCEemPd5ZtCQMxVQ", "_MhNltfvCEemPd5ZtCQMxVQ"], ["sequenceFlow", [[587, 700], [587, 760], [490, 760]], "_MhNlvvvCEemPd5ZtCQMxVQ", "_MhNlvfvCEemPd5ZtCQMxVQ", "_MhNlw_vCEemPd5ZtCQMxVQ"], ["sequenceFlow", [[271, 700], [271, 760], [400, 760]], "_MhNlvPvCEemPd5ZtCQMxVQ", "_MhNlu_vCEemPd5ZtCQMxVQ", "_MhNlw_vCEemPd5ZtCQMxVQ"], ["sequenceFlow", [[435, 180], [435, 240]], "_MhNluvvCEemPd5ZtCQMxVQ", "_MhNlufvCEemPd5ZtCQMxVQ", "_MhNlv_vCEemPd5ZtCQMxVQ"], ["sequenceFlow", [[440, 400], [440, 450]], "_MhNlwvvCEemPd5ZtCQMxVQ", "_MhNlwfvCEemPd5ZtCQMxVQ", "_MhNlxPvCEemPd5ZtCQMxVQ"], ["sequenceFlow", [[420, 580], [375, 580], [375, 670], [330, 670]], "_MhNlt_vCEemPd5ZtCQMxVQ", "_MhNltfvCEemPd5ZtCQMxVQ", "_MhNlu_vCEemPd5ZtCQMxVQ"], ["sequenceFlow", [[435, 300], [435, 340]], "_MhNlwPvCEemPd5ZtCQMxVQ", "_MhNlv_vCEemPd5ZtCQMxVQ", "_MhNlwfvCEemPd5ZtCQMxVQ"], ["sequenceFlow", [[427, 65], [427, 120]], "_MhNls_vCEemPd5ZtCQMxVQ", "_MhNlsvvCEemPd5ZtCQMxVQ", "_MhNlufvCEemPd5ZtCQMxVQ"]], "x_min": 100, "png": [804, 625], "jpeg": [852, 673], "id": "09741_00", "association_labels": [], "text_labels": [["Start", [384, 69, 88, 14], "_MhNlsvvCEemPd5ZtCQMxVQ"], ["By Skills or Modules?", [396, 604, 88, 25], "_MhNltfvCEemPd5ZtCQMxVQ"]], "pool_labels": [["participant", [100, 20, 613, 792], "_MhNlxvvCEemPd5ZtCQMxVQ"]], "y_min": 20, "project_id": "09741_00"}