{"shape_labels": [["dataObjectReference", [160, 690, 30, 40], "_Tn4tmPvCEemPd5ZtCQMxVQ"], ["task", [200, 430, 90, 60], "_Tn4tgPvCEemPd5ZtCQMxVQ"], ["task", [320, 430, 90, 60], "_Tn4tg_vCEemPd5ZtCQMxVQ"], ["startEvent", [140, 440, 35, 35], "_Tn4tivvCEemPd5ZtCQMxVQ"], ["lane", [50, 624, 805, 302], "_Tn4tjPvCEemPd5ZtCQMxVQ"], ["lane", [50, 322, 805, 302], "_Tn4tifvCEemPd5ZtCQMxVQ"], ["dataObjectReference", [230, 690, 30, 40], "_Tn4tmvvCEemPd5ZtCQMxVQ"], ["dataObjectReference", [300, 690, 30, 40], "_Tn4tnPvCEemPd5ZtCQMxVQ"], ["lane", [50, 22, 805, 300], "_Tn4th_vCEemPd5ZtCQMxVQ"], ["group", [140, 690, 230, 90], "_Tn4tffvCEemPd5ZtCQMxVQ"]], "flow_labels": [["sequenceFlow", [[290, 460], [320, 460]], "_Tn4tkPvCEemPd5ZtCQMxVQ", "_Tn4tgPvCEemPd5ZtCQMxVQ", "_Tn4tg_vCEemPd5ZtCQMxVQ"], ["sequenceFlow", [[175, 457], [200, 457]], "_Tn4tjvvCEemPd5ZtCQMxVQ", "_Tn4tivvCEemPd5ZtCQMxVQ", "_Tn4tgPvCEemPd5ZtCQMxVQ"]], "x_min": 20, "png": [916, 847], "jpeg": [964, 895], "id": "09654_01", "association_labels": [["association", [[273, 690], [353, 490]], "_Tn4tgvvCEemPd5ZtCQMxVQ", "_Tn4tffvCEemPd5ZtCQMxVQ", "_Tn4tg_vCEemPd5ZtCQMxVQ"], ["association", [[246, 490], [253, 690]], "_Tn4tf_vCEemPd5ZtCQMxVQ", "_Tn4tgPvCEemPd5ZtCQMxVQ", "_Tn4tffvCEemPd5ZtCQMxVQ"]], "text_labels": [["DataObject", [131, 734, 88, 14], "_Tn4tmPvCEemPd5ZtCQMxVQ"], ["Start", [114, 479, 88, 14], "_Tn4tivvCEemPd5ZtCQMxVQ"], ["DataObject3", [201, 734, 88, 14], "_Tn4tmvvCEemPd5ZtCQMxVQ"], ["DataObject4", [271, 734, 88, 14], "_Tn4tnPvCEemPd5ZtCQMxVQ"]], "pool_labels": [["participant", [20, 22, 835, 904], "_Tn4te_vCEemPd5ZtCQMxVQ"]], "y_min": 22, "project_id": "09654_01"}