{"shape_labels": [["receiveTask", [380, 120, 90, 60], "_LZB1pvvCEemPd5ZtCQMxVQ"], ["sendTask", [760, 320, 90, 60], "_LZB1uPvCEemPd5ZtCQMxVQ"], ["receiveTask", [210, 320, 90, 60], "_LZB1svvCEemPd5ZtCQMxVQ"], ["group", [530, 60, 360, 380], "_LZB1ufvCEemPd5ZtCQMxVQ"], ["endEvent", [920, 130, 35, 35], "_LZB1q_vCEemPd5ZtCQMxVQ"], ["sendTask", [600, 120, 90, 60], "_LZB1qPvCEemPd5ZtCQMxVQ"], ["startEvent", [110, 130, 35, 35], "_LZB1ovvCEemPd5ZtCQMxVQ"], ["receiveTask", [600, 320, 90, 60], "_LZB1tvvCEemPd5ZtCQMxVQ"], ["sendTask", [210, 120, 90, 60], "_LZB1pPvCEemPd5ZtCQMxVQ"], ["receiveTask", [750, 120, 100, 60], "_LZB1qvvCEemPd5ZtCQMxVQ"], ["endEvent", [920, 330, 35, 35], "_LZCcs_vCEemPd5ZtCQMxVQ"], ["sendTask", [390, 320, 80, 60], "_LZB1tPvCEemPd5ZtCQMxVQ"], ["startEvent", [100, 330, 35, 35], "_LZB1u_vCEemPd5ZtCQMxVQ"]], "flow_labels": [["messageFlow", [[645, 180], [645, 320]], "_LZB1tfvCEemPd5ZtCQMxVQ", "_LZB1qPvCEemPd5ZtCQMxVQ", "_LZB1tvvCEemPd5ZtCQMxVQ"], ["sequenceFlow", [[470, 150], [600, 150]], "_LZB1p_vCEemPd5ZtCQMxVQ", "_LZB1pvvCEemPd5ZtCQMxVQ", "_LZB1qPvCEemPd5ZtCQMxVQ"], ["messageFlow", [[805, 320], [805, 180]], "_LZB1t_vCEemPd5ZtCQMxVQ", "_LZB1uPvCEemPd5ZtCQMxVQ", "_LZB1qvvCEemPd5ZtCQMxVQ"], ["sequenceFlow", [[690, 350], [760, 350]], "_LZCctfvCEemPd5ZtCQMxVQ", "_LZB1tvvCEemPd5ZtCQMxVQ", "_LZB1uPvCEemPd5ZtCQMxVQ"], ["sequenceFlow", [[300, 350], [390, 350]], "_LZCcsfvCEemPd5ZtCQMxVQ", "_LZB1svvCEemPd5ZtCQMxVQ", "_LZB1tPvCEemPd5ZtCQMxVQ"], ["messageFlow", [[430, 320], [430, 180]], "_LZB1s_vCEemPd5ZtCQMxVQ", "_LZB1tPvCEemPd5ZtCQMxVQ", "_LZB1pvvCEemPd5ZtCQMxVQ"], ["sequenceFlow", [[690, 150], [750, 150]], "_LZB1qfvCEemPd5ZtCQMxVQ", "_LZB1qPvCEemPd5ZtCQMxVQ", "_LZB1qvvCEemPd5ZtCQMxVQ"], ["sequenceFlow", [[300, 150], [380, 150]], "_LZB1pfvCEemPd5ZtCQMxVQ", "_LZB1pPvCEemPd5ZtCQMxVQ", "_LZB1pvvCEemPd5ZtCQMxVQ"], ["sequenceFlow", [[135, 347], [210, 347]], "_LZCcsPvCEemPd5ZtCQMxVQ", "_LZB1u_vCEemPd5ZtCQMxVQ", "_LZB1svvCEemPd5ZtCQMxVQ"], ["sequenceFlow", [[850, 347], [920, 347]], "_LZCctPvCEemPd5ZtCQMxVQ", "_LZB1uPvCEemPd5ZtCQMxVQ", "_LZCcs_vCEemPd5ZtCQMxVQ"], ["sequenceFlow", [[145, 147], [210, 147]], "_LZB1o_vCEemPd5ZtCQMxVQ", "_LZB1ovvCEemPd5ZtCQMxVQ", "_LZB1pPvCEemPd5ZtCQMxVQ"], ["sequenceFlow", [[850, 147], [920, 147]], "_LZB1rPvCEemPd5ZtCQMxVQ", "_LZB1qvvCEemPd5ZtCQMxVQ", "_LZB1q_vCEemPd5ZtCQMxVQ"], ["messageFlow", [[255, 180], [255, 320]], "_LZB1sfvCEemPd5ZtCQMxVQ", "_LZB1pPvCEemPd5ZtCQMxVQ", "_LZB1svvCEemPd5ZtCQMxVQ"], ["sequenceFlow", [[470, 350], [600, 350]], "_LZCcsvvCEemPd5ZtCQMxVQ", "_LZB1tPvCEemPd5ZtCQMxVQ", "_LZB1tvvCEemPd5ZtCQMxVQ"]], "x_min": 40, "png": [392, 975], "jpeg": [440, 1023], "id": "09614_00", "association_labels": [], "text_labels": [["Illness occurs", [84, 169, 88, 14], "_LZB1ovvCEemPd5ZtCQMxVQ"], ["I need my medicine", [545, 242, 79, 25], "_LZB1tfvCEemPd5ZtCQMxVQ"], ["Here is your medicine", [695, 242, 92, 25], "_LZB1t_vCEemPd5ZtCQMxVQ"], ["Go see doctor", [355, 242, 57, 25], "_LZB1s_vCEemPd5ZtCQMxVQ"], ["I want to see doctor", [155, 242, 85, 25], "_LZB1sfvCEemPd5ZtCQMxVQ"]], "pool_labels": [["participant", [40, 280, 963, 142], "_LZB1r_vCEemPd5ZtCQMxVQ"], ["participant", [40, 80, 963, 142], "_LZB1rvvCEemPd5ZtCQMxVQ"]], "y_min": 60, "project_id": "09614_00"}