{"shape_labels": [["dataStoreReference", [420, 280, 40, 45], "_RSx3X_vCEemPd5ZtCQMxVQ"], ["task", [1010, 180, 90, 60], "_RSx3T_vCEemPd5ZtCQMxVQ"], ["task", [810, 880, 110, 60], "_RSx3TPvCEemPd5ZtCQMxVQ"], ["intermediateThrowEvent_message", [870, 190, 35, 35], "_RSx3TfvCEemPd5ZtCQMxVQ"], ["task", [190, 180, 90, 60], "_RSx3U_vCEemPd5ZtCQMxVQ"], ["intermediateCatchEvent_message", [450, 568, 35, 35], "_RSx3SPvCEemPd5ZtCQMxVQ"], ["lane", [70, 838, 1303, 130], "_RSx3cvvCEemPd5ZtCQMxVQ"], ["eventBasedGateway", [490, 190, 40, 40], "_RSx3YPvCEemPd5ZtCQMxVQ"], ["lane", [70, 520, 1303, 190], "_RSx3bvvCEemPd5ZtCQMxVQ"], ["intermediateCatchEvent_timer", [580, 290, 35, 35], "_RSx3ZPvCEemPd5ZtCQMxVQ"], ["startEvent", [100, 190, 35, 35], "_RSx3VfvCEemPd5ZtCQMxVQ"], ["endEvent_terminate", [1170, 888, 35, 35], "_RSx3c_vCEemPd5ZtCQMxVQ"], ["parallelGateway", [280, 570, 40, 40], "_RSx3b_vCEemPd5ZtCQMxVQ"], ["endEvent", [1290, 190, 35, 35], "_RSx3bPvCEemPd5ZtCQMxVQ"], ["task", [1000, 880, 110, 60], "_RSx3UPvCEemPd5ZtCQMxVQ"], ["startEvent_message", [150, 560, 35, 35], "_RSx3VPvCEemPd5ZtCQMxVQ"], ["task", [560, 558, 100, 60], "_RSx3SvvCEemPd5ZtCQMxVQ"], ["lane", [70, 710, 1303, 128], "_RSx3cPvCEemPd5ZtCQMxVQ"], ["task", [330, 180, 90, 60], "_RSx3WPvCEemPd5ZtCQMxVQ"], ["task", [500, 740, 90, 60], "_RSx3cfvCEemPd5ZtCQMxVQ"], ["task", [1150, 180, 90, 60], "_RSx3avvCEemPd5ZtCQMxVQ"], ["task", [670, 280, 120, 60], "_RSx3R_vCEemPd5ZtCQMxVQ"]], "flow_labels": [["sequenceFlow", [[920, 910], [1000, 910]], "_RSx3fPvCEemPd5ZtCQMxVQ", "_RSx3TPvCEemPd5ZtCQMxVQ", "_RSx3UPvCEemPd5ZtCQMxVQ"], ["sequenceFlow", [[320, 586], [450, 586]], "_RSx3d_vCEemPd5ZtCQMxVQ", "_RSx3b_vCEemPd5ZtCQMxVQ", "_RSx3SPvCEemPd5ZtCQMxVQ"], ["sequenceFlow", [[420, 210], [490, 210]], "_RSx3WfvCEemPd5ZtCQMxVQ", "_RSx3WPvCEemPd5ZtCQMxVQ", "_RSx3YPvCEemPd5ZtCQMxVQ"], ["sequenceFlow", [[1110, 905], [1170, 905]], "_RSx3ffvCEemPd5ZtCQMxVQ", "_RSx3UPvCEemPd5ZtCQMxVQ", "_RSx3c_vCEemPd5ZtCQMxVQ"], ["sequenceFlow", [[185, 582], [280, 582]], "_RSx3dPvCEemPd5ZtCQMxVQ", "_RSx3VPvCEemPd5ZtCQMxVQ", "_RSx3b_vCEemPd5ZtCQMxVQ"], ["sequenceFlow", [[590, 770], [700, 770], [700, 910], [810, 910]], "_RSx3e_vCEemPd5ZtCQMxVQ", "_RSx3cfvCEemPd5ZtCQMxVQ", "_RSx3TPvCEemPd5ZtCQMxVQ"], ["sequenceFlow", [[530, 207], [870, 207]], "_RSx3YvvCEemPd5ZtCQMxVQ", "_RSx3YPvCEemPd5ZtCQMxVQ", "_RSx3TfvCEemPd5ZtCQMxVQ"], ["sequenceFlow", [[280, 210], [330, 210]], "_RSx3V_vCEemPd5ZtCQMxVQ", "_RSx3U_vCEemPd5ZtCQMxVQ", "_RSx3WPvCEemPd5ZtCQMxVQ"], ["messageFlow", [[887, 880], [887, 225]], "_RSx3S_vCEemPd5ZtCQMxVQ", "_RSx3TPvCEemPd5ZtCQMxVQ", "_RSx3TfvCEemPd5ZtCQMxVQ"], ["sequenceFlow", [[610, 618], [610, 690], [390, 690], [390, 590], [450, 587]], "_RSx3ePvCEemPd5ZtCQMxVQ", "_RSx3SvvCEemPd5ZtCQMxVQ", "_RSx3SPvCEemPd5ZtCQMxVQ"], ["sequenceFlow", [[135, 207], [190, 207]], "_RSx3VvvCEemPd5ZtCQMxVQ", "_RSx3VfvCEemPd5ZtCQMxVQ", "_RSx3U_vCEemPd5ZtCQMxVQ"], ["messageFlow", [[235, 240], [235, 400], [168, 400], [168, 560]], "_RSx3UvvCEemPd5ZtCQMxVQ", "_RSx3U_vCEemPd5ZtCQMxVQ", "_RSx3VPvCEemPd5ZtCQMxVQ"], ["messageFlow", [[1076, 880], [1076, 240]], "_RSx3UfvCEemPd5ZtCQMxVQ", "_RSx3UPvCEemPd5ZtCQMxVQ", "_RSx3T_vCEemPd5ZtCQMxVQ"], ["messageFlow", [[1025, 240], [1025, 880]], "_RSx3TvvCEemPd5ZtCQMxVQ", "_RSx3T_vCEemPd5ZtCQMxVQ", "_RSx3UPvCEemPd5ZtCQMxVQ"], ["sequenceFlow", [[530, 210], [547, 210], [547, 312], [580, 312]], "_RSx3Y_vCEemPd5ZtCQMxVQ", "_RSx3YPvCEemPd5ZtCQMxVQ", "_RSx3ZPvCEemPd5ZtCQMxVQ"], ["messageFlow", [[723, 340], [723, 455], [468, 455], [468, 568]], "_RSx3RvvCEemPd5ZtCQMxVQ", "_RSx3R_vCEemPd5ZtCQMxVQ", "_RSx3SPvCEemPd5ZtCQMxVQ"], ["sequenceFlow", [[1100, 210], [1150, 210]], "_RSx3afvCEemPd5ZtCQMxVQ", "_RSx3T_vCEemPd5ZtCQMxVQ", "_RSx3avvCEemPd5ZtCQMxVQ"], ["sequenceFlow", [[300, 610], [300, 767], [500, 767]], "_RSx3dvvCEemPd5ZtCQMxVQ", "_RSx3b_vCEemPd5ZtCQMxVQ", "_RSx3cfvCEemPd5ZtCQMxVQ"], ["sequenceFlow", [[615, 307], [670, 307]], "_RSx3ZfvCEemPd5ZtCQMxVQ", "_RSx3ZPvCEemPd5ZtCQMxVQ", "_RSx3R_vCEemPd5ZtCQMxVQ"], ["sequenceFlow", [[700, 340], [700, 378], [510, 378], [510, 230]], "_RSx3YfvCEemPd5ZtCQMxVQ", "_RSx3R_vCEemPd5ZtCQMxVQ", "_RSx3YPvCEemPd5ZtCQMxVQ"], ["sequenceFlow", [[485, 585], [560, 585]], "_RSx3efvCEemPd5ZtCQMxVQ", "_RSx3SPvCEemPd5ZtCQMxVQ", "_RSx3SvvCEemPd5ZtCQMxVQ"], ["messageFlow", [[610, 558], [610, 489], [758, 489], [758, 340]], "_RSx3SfvCEemPd5ZtCQMxVQ", "_RSx3SvvCEemPd5ZtCQMxVQ", "_RSx3R_vCEemPd5ZtCQMxVQ"], ["sequenceFlow", [[1240, 207], [1290, 207]], "_RSx3a_vCEemPd5ZtCQMxVQ", "_RSx3avvCEemPd5ZtCQMxVQ", "_RSx3bPvCEemPd5ZtCQMxVQ"], ["sequenceFlow", [[905, 207], [1010, 207]], "_RSx3Z_vCEemPd5ZtCQMxVQ", "_RSx3TfvCEemPd5ZtCQMxVQ", "_RSx3T_vCEemPd5ZtCQMxVQ"]], "x_min": 40, "png": [860, 1345], "jpeg": [908, 1393], "id": "09553_00", "association_labels": [["dataOutputAssociation", [[395, 240], [423, 280]], "_RSx3XvvCEemPd5ZtCQMxVQ", "_RSx3W_vCEemPd5ZtCQMxVQ", "_RSx3X_vCEemPd5ZtCQMxVQ"]], "text_labels": [["Database", [396, 329, 88, 14], "_RSx3X_vCEemPd5ZtCQMxVQ"], ["pizza received", [844, 229, 88, 14], "_RSx3TfvCEemPd5ZtCQMxVQ"], ["Where is my pizza?", [424, 607, 88, 25], "_RSx3SPvCEemPd5ZtCQMxVQ"], ["60 minutes", [554, 329, 88, 14], "_RSx3ZPvCEemPd5ZtCQMxVQ"], ["Requiere Servicio en Taller", [75, 258, 88, 25], "_RSx3VfvCEemPd5ZtCQMxVQ"], ["End", [1144, 927, 88, 14], "_RSx3c_vCEemPd5ZtCQMxVQ"], ["Hunger satisfied", [1264, 229, 88, 14], "_RSx3bPvCEemPd5ZtCQMxVQ"], ["Recibe el veh\u00edculo", [124, 599, 88, 25], "_RSx3VPvCEemPd5ZtCQMxVQ"], ["Recibir Veh\u00edculo", [176, 374, 38, 25], "_RSx3UvvCEemPd5ZtCQMxVQ"], ["receipt", [1091, 552, 21, 14], "_RSx3UfvCEemPd5ZtCQMxVQ"], ["money", [985, 552, 20, 14], "_RSx3TvvCEemPd5ZtCQMxVQ"]], "pool_labels": [["participant", [40, 120, 1333, 292], "_RSx3QvvCEemPd5ZtCQMxVQ"], ["participant", [40, 520, 1333, 448], "_RSx3RPvCEemPd5ZtCQMxVQ"]], "y_min": 120, "project_id": "09553_00"}