{"pool_labels": [["participant", [40, 280, 963, 142], "_Gdehr_vCEemPd5ZtCQMxVQ"], ["participant", [40, 80, 963, 142], "_GdehrvvCEemPd5ZtCQMxVQ"]], "flow_labels": [["messageFlow", [[255, 180], [255, 320]], "_GdehsfvCEemPd5ZtCQMxVQ", "_GdehpPvCEemPd5ZtCQMxVQ", "_GdehsvvCEemPd5ZtCQMxVQ"], ["sequenceFlow", [[850, 147], [920, 147]], "_GdehrPvCEemPd5ZtCQMxVQ", "_GdehqvvCEemPd5ZtCQMxVQ", "_Gdehq_vCEemPd5ZtCQMxVQ"], ["sequenceFlow", [[470, 350], [600, 350]], "_GdehvvvCEemPd5ZtCQMxVQ", "_GdehtPvCEemPd5ZtCQMxVQ", "_GdehtvvCEemPd5ZtCQMxVQ"], ["messageFlow", [[805, 320], [805, 180]], "_Gdeht_vCEemPd5ZtCQMxVQ", "_GdehuPvCEemPd5ZtCQMxVQ", "_GdehqvvCEemPd5ZtCQMxVQ"], ["sequenceFlow", [[300, 350], [390, 350]], "_GdehvfvCEemPd5ZtCQMxVQ", "_GdehsvvCEemPd5ZtCQMxVQ", "_GdehtPvCEemPd5ZtCQMxVQ"], ["sequenceFlow", [[470, 150], [600, 150]], "_Gdehp_vCEemPd5ZtCQMxVQ", "_GdehpvvCEemPd5ZtCQMxVQ", "_GdehqPvCEemPd5ZtCQMxVQ"], ["sequenceFlow", [[135, 347], [210, 347]], "_GdehvPvCEemPd5ZtCQMxVQ", "_Gdehu_vCEemPd5ZtCQMxVQ", "_GdehsvvCEemPd5ZtCQMxVQ"], ["sequenceFlow", [[850, 347], [920, 347]], "_GdehwPvCEemPd5ZtCQMxVQ", "_GdehuPvCEemPd5ZtCQMxVQ", "_Gdehv_vCEemPd5ZtCQMxVQ"], ["sequenceFlow", [[300, 150], [380, 150]], "_GdehpfvCEemPd5ZtCQMxVQ", "_GdehpPvCEemPd5ZtCQMxVQ", "_GdehpvvCEemPd5ZtCQMxVQ"], ["sequenceFlow", [[690, 150], [750, 150]], "_GdehqfvCEemPd5ZtCQMxVQ", "_GdehqPvCEemPd5ZtCQMxVQ", "_GdehqvvCEemPd5ZtCQMxVQ"], ["sequenceFlow", [[690, 350], [760, 350]], "_GdehwfvCEemPd5ZtCQMxVQ", "_GdehtvvCEemPd5ZtCQMxVQ", "_GdehuPvCEemPd5ZtCQMxVQ"], ["sequenceFlow", [[145, 147], [210, 147]], "_Gdeho_vCEemPd5ZtCQMxVQ", "_GdehovvCEemPd5ZtCQMxVQ", "_GdehpPvCEemPd5ZtCQMxVQ"], ["messageFlow", [[645, 180], [645, 320]], "_GdehtfvCEemPd5ZtCQMxVQ", "_GdehqPvCEemPd5ZtCQMxVQ", "_GdehtvvCEemPd5ZtCQMxVQ"], ["messageFlow", [[430, 320], [430, 180]], "_Gdehs_vCEemPd5ZtCQMxVQ", "_GdehtPvCEemPd5ZtCQMxVQ", "_GdehpvvCEemPd5ZtCQMxVQ"]], "jpeg": [440, 1023], "shape_labels": [["endEvent", [920, 130, 35, 35], "_Gdehq_vCEemPd5ZtCQMxVQ"], ["sendTask", [210, 120, 90, 60], "_GdehpPvCEemPd5ZtCQMxVQ"], ["receiveTask", [380, 120, 90, 60], "_GdehpvvCEemPd5ZtCQMxVQ"], ["endEvent", [920, 330, 35, 35], "_Gdehv_vCEemPd5ZtCQMxVQ"], ["startEvent", [110, 130, 35, 35], "_GdehovvCEemPd5ZtCQMxVQ"], ["receiveTask", [210, 320, 90, 60], "_GdehsvvCEemPd5ZtCQMxVQ"], ["startEvent", [100, 330, 35, 35], "_Gdehu_vCEemPd5ZtCQMxVQ"], ["sendTask", [760, 320, 90, 60], "_GdehuPvCEemPd5ZtCQMxVQ"], ["sendTask", [390, 320, 80, 60], "_GdehtPvCEemPd5ZtCQMxVQ"], ["sendTask", [600, 120, 90, 60], "_GdehqPvCEemPd5ZtCQMxVQ"], ["receiveTask", [750, 120, 100, 60], "_GdehqvvCEemPd5ZtCQMxVQ"], ["group", [530, 60, 360, 380], "_GdehufvCEemPd5ZtCQMxVQ"], ["receiveTask", [600, 320, 90, 60], "_GdehtvvCEemPd5ZtCQMxVQ"]], "png": [392, 975], "association_labels": [], "id": "09477_00", "text_labels": [["Illness occurs", [84, 169, 88, 14], "_GdehovvCEemPd5ZtCQMxVQ"], ["I want to see doctor", [155, 242, 85, 25], "_GdehsfvCEemPd5ZtCQMxVQ"], ["Here is your medicine", [695, 242, 92, 25], "_Gdeht_vCEemPd5ZtCQMxVQ"], ["I need my medicine", [545, 242, 79, 25], "_GdehtfvCEemPd5ZtCQMxVQ"], ["Go see doctor", [355, 242, 57, 25], "_Gdehs_vCEemPd5ZtCQMxVQ"]], "y_min": 60, "project_id": "09477_00", "x_min": 40}