{"shape_labels": [["endEvent", [920, 130, 35, 35], "_RuBBy_vCEemPd5ZtCQMxVQ"], ["sendTask", [760, 320, 90, 60], "_RuBB2_vCEemPd5ZtCQMxVQ"], ["endEvent", [920, 330, 35, 35], "_RuBB6fvCEemPd5ZtCQMxVQ"], ["sendTask", [210, 120, 90, 60], "_RuBBxPvCEemPd5ZtCQMxVQ"], ["sendTask", [390, 320, 80, 60], "_RuBB1fvCEemPd5ZtCQMxVQ"], ["receiveTask", [600, 320, 90, 60], "_RuBB2PvCEemPd5ZtCQMxVQ"], ["startEvent", [110, 130, 35, 35], "_RuBBwvvCEemPd5ZtCQMxVQ"], ["receiveTask", [210, 320, 90, 60], "_RuBB0vvCEemPd5ZtCQMxVQ"], ["sendTask", [600, 120, 90, 60], "_RuBByPvCEemPd5ZtCQMxVQ"], ["group", [530, 60, 360, 380], "_RuBB3fvCEemPd5ZtCQMxVQ"], ["receiveTask", [380, 120, 90, 60], "_RuBBxvvCEemPd5ZtCQMxVQ"], ["receiveTask", [750, 120, 100, 60], "_RuBByvvCEemPd5ZtCQMxVQ"], ["startEvent", [100, 330, 35, 35], "_RuBB4fvCEemPd5ZtCQMxVQ"]], "flow_labels": [["sequenceFlow", [[135, 347], [210, 347]], "_RuBB4vvCEemPd5ZtCQMxVQ", "_RuBB4fvCEemPd5ZtCQMxVQ", "_RuBB0vvCEemPd5ZtCQMxVQ"], ["sequenceFlow", [[850, 147], [920, 147]], "_RuBBzPvCEemPd5ZtCQMxVQ", "_RuBByvvCEemPd5ZtCQMxVQ", "_RuBBy_vCEemPd5ZtCQMxVQ"], ["messageFlow", [[645, 180], [645, 320]], "_RuBB1_vCEemPd5ZtCQMxVQ", "_RuBByPvCEemPd5ZtCQMxVQ", "_RuBB2PvCEemPd5ZtCQMxVQ"], ["sequenceFlow", [[145, 147], [210, 147]], "_RuBBw_vCEemPd5ZtCQMxVQ", "_RuBBwvvCEemPd5ZtCQMxVQ", "_RuBBxPvCEemPd5ZtCQMxVQ"], ["sequenceFlow", [[470, 150], [600, 150]], "_RuBBx_vCEemPd5ZtCQMxVQ", "_RuBBxvvCEemPd5ZtCQMxVQ", "_RuBByPvCEemPd5ZtCQMxVQ"], ["sequenceFlow", [[690, 350], [760, 350]], "_RuBB7fvCEemPd5ZtCQMxVQ", "_RuBB2PvCEemPd5ZtCQMxVQ", "_RuBB2_vCEemPd5ZtCQMxVQ"], ["messageFlow", [[805, 320], [805, 180]], "_RuBB2vvCEemPd5ZtCQMxVQ", "_RuBB2_vCEemPd5ZtCQMxVQ", "_RuBByvvCEemPd5ZtCQMxVQ"], ["sequenceFlow", [[300, 150], [380, 150]], "_RuBBxfvCEemPd5ZtCQMxVQ", "_RuBBxPvCEemPd5ZtCQMxVQ", "_RuBBxvvCEemPd5ZtCQMxVQ"], ["sequenceFlow", [[690, 150], [750, 150]], "_RuBByfvCEemPd5ZtCQMxVQ", "_RuBByPvCEemPd5ZtCQMxVQ", "_RuBByvvCEemPd5ZtCQMxVQ"], ["sequenceFlow", [[470, 350], [600, 350]], "_RuBB5_vCEemPd5ZtCQMxVQ", "_RuBB1fvCEemPd5ZtCQMxVQ", "_RuBB2PvCEemPd5ZtCQMxVQ"], ["messageFlow", [[255, 180], [255, 320]], "_RuBB0fvCEemPd5ZtCQMxVQ", "_RuBBxPvCEemPd5ZtCQMxVQ", "_RuBB0vvCEemPd5ZtCQMxVQ"], ["sequenceFlow", [[300, 350], [390, 350]], "_RuBB5fvCEemPd5ZtCQMxVQ", "_RuBB0vvCEemPd5ZtCQMxVQ", "_RuBB1fvCEemPd5ZtCQMxVQ"], ["messageFlow", [[430, 320], [430, 180]], "_RuBB1PvCEemPd5ZtCQMxVQ", "_RuBB1fvCEemPd5ZtCQMxVQ", "_RuBBxvvCEemPd5ZtCQMxVQ"], ["sequenceFlow", [[850, 347], [920, 347]], "_RuBB6_vCEemPd5ZtCQMxVQ", "_RuBB2_vCEemPd5ZtCQMxVQ", "_RuBB6fvCEemPd5ZtCQMxVQ"]], "x_min": 40, "png": [392, 975], "jpeg": [440, 1023], "id": "09590_00", "association_labels": [], "text_labels": [["Illness occurs", [84, 169, 88, 14], "_RuBBwvvCEemPd5ZtCQMxVQ"], ["I need my medicine", [545, 242, 79, 25], "_RuBB1_vCEemPd5ZtCQMxVQ"], ["Here is your medicine", [695, 242, 92, 25], "_RuBB2vvCEemPd5ZtCQMxVQ"], ["I want to see doctor", [155, 242, 85, 25], "_RuBB0fvCEemPd5ZtCQMxVQ"], ["Go see doctor", [355, 242, 57, 25], "_RuBB1PvCEemPd5ZtCQMxVQ"]], "pool_labels": [["participant", [40, 280, 963, 142], "_RuBBz_vCEemPd5ZtCQMxVQ"], ["participant", [40, 80, 963, 142], "_RuBBzvvCEemPd5ZtCQMxVQ"]], "y_min": 60, "project_id": "09590_00"}