{"shape_labels": [["exclusiveGateway", [630, 362, 40, 40], "_RO410fvCEemPd5ZtCQMxVQ"], ["lane", [50, 302, 1233, 152], "_RO41zvvCEemPd5ZtCQMxVQ"], ["task", [730, 352, 90, 60], "_RO410vvCEemPd5ZtCQMxVQ"], ["serviceTask", [540, 740, 101, 70], "_RO418fvCEemPd5ZtCQMxVQ"], ["intermediateCatchEvent_timer", [420, 750, 35, 35], "_RO419PvCEemPd5ZtCQMxVQ"], ["userTask", [1040, 200, 90, 60], "_RO41zPvCEemPd5ZtCQMxVQ"], ["startEvent_message", [90, 920, 35, 35], "_RO416fvCEemPd5ZtCQMxVQ"], ["exclusiveGateway", [350, 210, 40, 40], "_RO41yvvCEemPd5ZtCQMxVQ"], ["userTask", [220, 200, 90, 60], "_RO41yfvCEemPd5ZtCQMxVQ"], ["endEvent", [580, 650, 35, 35], "_RO418_vCEemPd5ZtCQMxVQ"], ["serviceTask", [630, 50, 130, 60], "_RO41xfvCEemPd5ZtCQMxVQ"], ["userTask", [850, 52, 90, 60], "_RO41xvvCEemPd5ZtCQMxVQ"], ["userTask", [480, 352, 90, 60], "_RO410PvCEemPd5ZtCQMxVQ"], ["userTask", [440, 200, 90, 60], "_RO41y_vCEemPd5ZtCQMxVQ"], ["exclusiveGateway", [990, 62, 40, 40], "_RO41x_vCEemPd5ZtCQMxVQ"], ["userTask", [210, 510, 110, 60], "_RO417fvCEemPd5ZtCQMxVQ"], ["endEvent_message", [1180, 210, 35, 35], "_RO41zfvCEemPd5ZtCQMxVQ"], ["lane", [50, 22, 1233, 140], "_RO41w_vCEemPd5ZtCQMxVQ"], ["startEvent", [120, 60, 35, 35], "_RO41xPvCEemPd5ZtCQMxVQ"], ["endEvent", [710, 750, 35, 35], "_RO418vvCEemPd5ZtCQMxVQ"], ["serviceTask", [200, 910, 100, 60], "_RO41__vCEemPd5ZtCQMxVQ"], ["endEvent_terminate", [540, 920, 35, 35], "_RO42A_vCEemPd5ZtCQMxVQ"], ["userTask", [330, 352, 90, 60], "_RO41z_vCEemPd5ZtCQMxVQ"], ["userTask", [380, 640, 120, 60], "_RO418PvCEemPd5ZtCQMxVQ"], ["serviceTask", [370, 910, 90, 60], "_RO42AfvCEemPd5ZtCQMxVQ"], ["serviceTask", [380, 510, 120, 60], "_RO417vvCEemPd5ZtCQMxVQ"], ["lane", [50, 162, 1233, 140], "_RO41yPvCEemPd5ZtCQMxVQ"], ["lane", [50, 472, 1233, 130], "_RO416_vCEemPd5ZtCQMxVQ"], ["lane", [50, 602, 1233, 230], "_RO417_vCEemPd5ZtCQMxVQ"], ["startEvent", [110, 520, 35, 35], "_RO417PvCEemPd5ZtCQMxVQ"]], "flow_labels": [["sequenceFlow", [[437, 700], [437, 750]], "_RO41-fvCEemPd5ZtCQMxVQ", "_RO418PvCEemPd5ZtCQMxVQ", "_RO419PvCEemPd5ZtCQMxVQ"], ["sequenceFlow", [[570, 382], [630, 382]], "_RO413vvCEemPd5ZtCQMxVQ", "_RO410PvCEemPd5ZtCQMxVQ", "_RO410fvCEemPd5ZtCQMxVQ"], ["sequenceFlow", [[440, 570], [440, 640]], "_RO419_vCEemPd5ZtCQMxVQ", "_RO417vvCEemPd5ZtCQMxVQ", "_RO418PvCEemPd5ZtCQMxVQ"], ["sequenceFlow", [[455, 767], [540, 767]], "_RO41-vvCEemPd5ZtCQMxVQ", "_RO419PvCEemPd5ZtCQMxVQ", "_RO418fvCEemPd5ZtCQMxVQ"], ["sequenceFlow", [[1130, 227], [1180, 227]], "_RO414PvCEemPd5ZtCQMxVQ", "_RO41zPvCEemPd5ZtCQMxVQ", "_RO41zfvCEemPd5ZtCQMxVQ"], ["sequenceFlow", [[670, 382], [730, 382]], "_RO413_vCEemPd5ZtCQMxVQ", "_RO410fvCEemPd5ZtCQMxVQ", "_RO410vvCEemPd5ZtCQMxVQ"], ["sequenceFlow", [[320, 540], [380, 540]], "_RO419vvCEemPd5ZtCQMxVQ", "_RO417fvCEemPd5ZtCQMxVQ", "_RO417vvCEemPd5ZtCQMxVQ"], ["sequenceFlow", [[370, 250], [370, 352]], "_RO411vvCEemPd5ZtCQMxVQ", "_RO41yvvCEemPd5ZtCQMxVQ", "_RO41z_vCEemPd5ZtCQMxVQ"], ["sequenceFlow", [[760, 81], [850, 81]], "_RO412vvCEemPd5ZtCQMxVQ", "_RO41xfvCEemPd5ZtCQMxVQ", "_RO41xvvCEemPd5ZtCQMxVQ"], ["sequenceFlow", [[310, 230], [350, 230]], "_RO411PvCEemPd5ZtCQMxVQ", "_RO41yfvCEemPd5ZtCQMxVQ", "_RO41yvvCEemPd5ZtCQMxVQ"], ["messageFlow", [[1195, 245], [1195, 878], [109, 877], [109, 920]], "_RO416PvCEemPd5ZtCQMxVQ", "_RO41zfvCEemPd5ZtCQMxVQ", "_RO416fvCEemPd5ZtCQMxVQ"], ["sequenceFlow", [[641, 767], [710, 767]], "_RO41-_vCEemPd5ZtCQMxVQ", "_RO418fvCEemPd5ZtCQMxVQ", "_RO418vvCEemPd5ZtCQMxVQ"], ["sequenceFlow", [[390, 230], [440, 230]], "_RO411fvCEemPd5ZtCQMxVQ", "_RO41yvvCEemPd5ZtCQMxVQ", "_RO41y_vCEemPd5ZtCQMxVQ"], ["sequenceFlow", [[940, 82], [990, 82]], "_RO412_vCEemPd5ZtCQMxVQ", "_RO41xvvCEemPd5ZtCQMxVQ", "_RO41x_vCEemPd5ZtCQMxVQ"], ["sequenceFlow", [[460, 937], [540, 937]], "_RO42AvvCEemPd5ZtCQMxVQ", "_RO42AfvCEemPd5ZtCQMxVQ", "_RO42A_vCEemPd5ZtCQMxVQ"], ["sequenceFlow", [[1030, 82], [1082, 82], [1082, 200]], "_RO413PvCEemPd5ZtCQMxVQ", "_RO41x_vCEemPd5ZtCQMxVQ", "_RO41zPvCEemPd5ZtCQMxVQ"], ["sequenceFlow", [[145, 537], [210, 537]], "_RO419fvCEemPd5ZtCQMxVQ", "_RO417PvCEemPd5ZtCQMxVQ", "_RO417fvCEemPd5ZtCQMxVQ"], ["sequenceFlow", [[300, 940], [370, 940]], "_RO42APvCEemPd5ZtCQMxVQ", "_RO41__vCEemPd5ZtCQMxVQ", "_RO42AfvCEemPd5ZtCQMxVQ"], ["sequenceFlow", [[155, 78], [187, 78], [188, 230], [220, 230]], "_RO410_vCEemPd5ZtCQMxVQ", "_RO41xPvCEemPd5ZtCQMxVQ", "_RO41yfvCEemPd5ZtCQMxVQ"], ["sequenceFlow", [[500, 667], [580, 667]], "_RO41-PvCEemPd5ZtCQMxVQ", "_RO418PvCEemPd5ZtCQMxVQ", "_RO418_vCEemPd5ZtCQMxVQ"], ["sequenceFlow", [[420, 382], [480, 382]], "_RO413fvCEemPd5ZtCQMxVQ", "_RO41z_vCEemPd5ZtCQMxVQ", "_RO410PvCEemPd5ZtCQMxVQ"], ["sequenceFlow", [[745, 352], [745, 110]], "_RO412fvCEemPd5ZtCQMxVQ", "_RO410vvCEemPd5ZtCQMxVQ", "_RO41xfvCEemPd5ZtCQMxVQ"], ["sequenceFlow", [[125, 937], [200, 937]], "_RO41_fvCEemPd5ZtCQMxVQ", "_RO416fvCEemPd5ZtCQMxVQ", "_RO41__vCEemPd5ZtCQMxVQ"], ["sequenceFlow", [[530, 230], [580, 230], [580, 80], [630, 80]], "_RO411_vCEemPd5ZtCQMxVQ", "_RO41y_vCEemPd5ZtCQMxVQ", "_RO41xfvCEemPd5ZtCQMxVQ"], ["sequenceFlow", [[650, 362], [650, 110]], "_RO412PvCEemPd5ZtCQMxVQ", "_RO410fvCEemPd5ZtCQMxVQ", "_RO41xfvCEemPd5ZtCQMxVQ"]], "x_min": 20, "png": [1022, 1275], "jpeg": [1070, 1323], "id": "09756_00", "association_labels": [], "text_labels": [["Need onsite visit?", [606, 406, 88, 25], "_RO410fvCEemPd5ZtCQMxVQ"], ["Automatic alert every day", [394, 789, 88, 25], "_RO419PvCEemPd5ZtCQMxVQ"], ["Case closed", [64, 959, 88, 14], "_RO416fvCEemPd5ZtCQMxVQ"], ["Needs escalation", [326, 254, 88, 14], "_RO41yvvCEemPd5ZtCQMxVQ"], ["Onsite visit complete", [554, 689, 88, 25], "_RO418_vCEemPd5ZtCQMxVQ"], ["Case status", [966, 106, 88, 14], "_RO41x_vCEemPd5ZtCQMxVQ"], ["Send survey", [1154, 249, 88, 14], "_RO41zfvCEemPd5ZtCQMxVQ"], ["Open new case", [94, 99, 88, 14], "_RO41xPvCEemPd5ZtCQMxVQ"], ["End", [684, 789, 88, 14], "_RO418vvCEemPd5ZtCQMxVQ"], ["Survey Completed", [514, 959, 88, 25], "_RO42A_vCEemPd5ZtCQMxVQ"], ["Start", [84, 559, 88, 14], "_RO417PvCEemPd5ZtCQMxVQ"], ["yes", [691, 365, 6, 14], "_RO413_vCEemPd5ZtCQMxVQ"], ["send survey", [658, 881, 49, 25], "_RO416PvCEemPd5ZtCQMxVQ"], ["no", [656, 239, 0, 14], "_RO412PvCEemPd5ZtCQMxVQ"]], "pool_labels": [["participant", [20, 472, 1263, 360], "_RO415PvCEemPd5ZtCQMxVQ"], ["participant", [20, 850, 1263, 182], "_RO415vvCEemPd5ZtCQMxVQ"], ["participant", [20, 22, 1263, 432], "_RO414_vCEemPd5ZtCQMxVQ"]], "y_min": 22, "project_id": "09756_00"}